2025-01-05 12:54:54,445 [INFO] Activator:176 - 


2025-01-05 12:54:54,447 [INFO] Activator:177 - !SESSION log4j initialized
2025-01-05 12:54:58,196 [INFO] LogOutputStream:77 - [STDOUT_REDIRECT] 
2025-01-05 12:55:02,062 [ERROR] ConfigurationRetriever:142 - IOException on connection: Connect timed out
2025-01-05 12:55:02,419 [INFO] ApplicationProperties:184 - Using Application install path: C:\ST\STM32CubeIDE_1.17.0\STM32CubeIDE\plugins\com.st.stm32cube.common.mx_6.13.0.202411220809
2025-01-05 12:55:02,442 [INFO] DbMcusXml:78 - Set database path to: C:\ST\STM32CubeIDE_1.17.0\STM32CubeIDE\plugins\com.st.stm32cube.common.mx_6.13.0.202411220809\\db\/mcu/
2025-01-05 12:55:02,444 [INFO] ApiDb:274 - Set plugin database path to: C:\ST\STM32CubeIDE_1.17.0\STM32CubeIDE\plugins\com.st.stm32cube.common.mx_6.13.0.202411220809\\db\/plugins/boardmanager/
2025-01-05 12:55:02,444 [WARN] ApiDb:259 - Overriding images path with different value:  => C:\ST\STM32CubeIDE_1.17.0\STM32CubeIDE\plugins\com.st.stm32cube.common.mx_6.13.0.202411220809\\db\/plugins/mcufinder/images/
2025-01-05 12:55:02,462 [INFO] ApiDb:250 - Set database path to: C:\Users\lagoeirl\.stmcufinder\plugins\mcufinder//mcu/
2025-01-05 12:55:02,464 [INFO] DbMcusAds:125 - Set database path to: C:\Users\lagoeirl\.stmcufinder\plugins\mcufinder//mcu/
2025-01-05 12:55:02,746 [INFO] CrossReferenceDbSqlite:203 - Set database path to: C:\Users\lagoeirl\.stmcufinder\plugins\mcufinder//mcu/cs/
2025-01-05 12:55:02,906 [INFO] RulesReader:64 - Compatibility file has been processed (297 Rules)
2025-01-05 12:55:03,023 [INFO] DbMcusXml:78 - Set database path to: C:\ST\STM32CubeIDE_1.17.0\STM32CubeIDE\plugins\com.st.stm32cube.common.mx_6.13.0.202411220809\\db\/mcu/
2025-01-05 12:55:03,024 [INFO] ApiDb:274 - Set plugin database path to: C:\ST\STM32CubeIDE_1.17.0\STM32CubeIDE\plugins\com.st.stm32cube.common.mx_6.13.0.202411220809\\db\/plugins/boardmanager/
2025-01-05 12:55:03,024 [INFO] ApiDb:261 - Set plugin images path to: C:\ST\STM32CubeIDE_1.17.0\STM32CubeIDE\plugins\com.st.stm32cube.common.mx_6.13.0.202411220809\\db\/plugins/mcufinder/images/
2025-01-05 12:55:03,024 [WARN] DbFile:41 - Overriding database path with different value: C:\Users\lagoeirl\.stmcufinder\plugins\mcufinder/ => C:\Users\lagoeirl\.stmcufinder\plugins\mcufinder
2025-01-05 12:55:03,024 [INFO] ApiDb:250 - Set database path to: C:\Users\lagoeirl\.stmcufinder\plugins\mcufinder//mcu/
2025-01-05 12:55:03,024 [WARN] DbFile:41 - Overriding database path with different value: C:\Users\lagoeirl\.stmcufinder\plugins\mcufinder/ => C:\Users\lagoeirl\.stmcufinder\plugins\mcufinder
2025-01-05 12:55:03,024 [INFO] DbMcusAds:125 - Set database path to: C:\Users\lagoeirl\.stmcufinder\plugins\mcufinder//mcu/
2025-01-05 12:55:03,024 [WARN] DbFile:41 - Overriding database path with different value: C:\Users\lagoeirl\.stmcufinder\plugins\mcufinder/ => C:\Users\lagoeirl\.stmcufinder\plugins\mcufinder
2025-01-05 12:55:03,024 [WARN] DbFile:41 - Overriding database path with different value: C:\Users\lagoeirl\.stmcufinder\plugins\mcufinder/ => C:\Users\lagoeirl\.stmcufinder\plugins\mcufinder
2025-01-05 12:55:03,338 [INFO] CrossReferenceDbSqlite:203 - Set database path to: C:\Users\lagoeirl\.stmcufinder\plugins\mcufinder//mcu/cs/
2025-01-05 12:55:03,439 [INFO] MainPanel:272 - HeapMemory: 268435456
2025-01-05 12:55:03,609 [INFO] DbMcusXml:78 - Set database path to: C:\ST\STM32CubeIDE_1.17.0\STM32CubeIDE\plugins\com.st.stm32cube.common.mx_6.13.0.202411220809\\db\/mcu/
2025-01-05 12:55:03,610 [INFO] ApiDb:274 - Set plugin database path to: C:\ST\STM32CubeIDE_1.17.0\STM32CubeIDE\plugins\com.st.stm32cube.common.mx_6.13.0.202411220809\\db\/plugins/boardmanager/
2025-01-05 12:55:03,610 [INFO] ApiDb:261 - Set plugin images path to: C:\ST\STM32CubeIDE_1.17.0\STM32CubeIDE\plugins\com.st.stm32cube.common.mx_6.13.0.202411220809\\db\/plugins/mcufinder/images/
2025-01-05 12:55:03,610 [WARN] DbFile:41 - Overriding database path with different value: C:\Users\lagoeirl\.stmcufinder\plugins\mcufinder/ => C:\Users\lagoeirl\.stmcufinder\plugins\mcufinder
2025-01-05 12:55:03,611 [INFO] ApiDb:250 - Set database path to: C:\Users\lagoeirl\.stmcufinder\plugins\mcufinder//mcu/
2025-01-05 12:55:03,611 [WARN] DbFile:41 - Overriding database path with different value: C:\Users\lagoeirl\.stmcufinder\plugins\mcufinder/ => C:\Users\lagoeirl\.stmcufinder\plugins\mcufinder
2025-01-05 12:55:03,611 [INFO] DbMcusAds:125 - Set database path to: C:\Users\lagoeirl\.stmcufinder\plugins\mcufinder//mcu/
2025-01-05 12:55:03,611 [WARN] DbFile:41 - Overriding database path with different value: C:\Users\lagoeirl\.stmcufinder\plugins\mcufinder/ => C:\Users\lagoeirl\.stmcufinder\plugins\mcufinder
2025-01-05 12:55:03,611 [WARN] DbFile:41 - Overriding database path with different value: C:\Users\lagoeirl\.stmcufinder\plugins\mcufinder/ => C:\Users\lagoeirl\.stmcufinder\plugins\mcufinder
2025-01-05 12:55:03,952 [INFO] CrossReferenceDbSqlite:203 - Set database path to: C:\Users\lagoeirl\.stmcufinder\plugins\mcufinder//mcu/cs/
2025-01-05 12:55:04,014 [INFO] ApplicationProperties:184 - Using Application install path: C:\ST\STM32CubeIDE_1.17.0\STM32CubeIDE\plugins\com.st.stm32cube.common.mx_6.13.0.202411220809
2025-01-05 12:55:04,016 [INFO] PluginManage:196 - Search for loadable plugins [exclusion list=, ]
2025-01-05 12:55:04,018 [INFO] PluginManage:310 - Check plugin analytics
2025-01-05 12:55:04,065 [ERROR] ConfigurationRetriever:142 - IOException on connection: Connect timed out
2025-01-05 12:55:05,117 [INFO] AnalyticsPlugin:253 - Accepted Software Licenses: STM32CubeMX.6.11.1,STM32CubeMX.6.12.1,STM32CubeMX.6.13.0
2025-01-05 12:55:05,118 [INFO] AnalyticsPlugin:255 - Accepted CMSIS Pack Licenses: STMicroelectronics.X-CUBE-MEMS1.10.0.0,STMicroelectronics.X-CUBE-DISPLAY.3.0.0,STMicroelectronics.X-CUBE-AI.9.1.0,STMicroelectronics.X-CUBE-TOUCHGFX.4.24.1,STMicroelectronics.X-CUBE-AZRTOS-L4.2.0.0,STMicroelectronics.X-CUBE-TOUCHGFX.4.23.0
2025-01-05 12:55:05,118 [INFO] AnalyticsPlugin:257 - Accepted Firmware Licenses: FW.H7.1.11.0,FW.L4.1.18.0,FW.U5.1.6.0,FW.F4.1.28.0,FW.H5.1.3.0,FW.H7RS.1.1.0,FW.C0.1.2.0,FW.U5.1.7.0,FW.H7RS.1.0.0,FW.F7.1.17.0,FW.N6.1.0.0,FW.G4.1.6.0,FW.C0.1.3.0
2025-01-05 12:55:05,122 [INFO] PluginManage:359 - Loaded plugin analytics (category:tool,tabindex:-1)
2025-01-05 12:55:05,122 [INFO] PluginManage:310 - Check plugin cadmodel
2025-01-05 12:55:05,146 [INFO] CADModel:105 - Init CAD model plugin
2025-01-05 12:55:05,146 [INFO] PluginManage:359 - Loaded plugin cadmodel (category:power,tabindex:5)
2025-01-05 12:55:05,146 [INFO] PluginManage:310 - Check plugin clock
2025-01-05 12:55:05,175 [INFO] PluginManage:359 - Loaded plugin clock (category:base,tabindex:2)
2025-01-05 12:55:05,175 [INFO] PluginManage:310 - Check plugin ddr
2025-01-05 12:55:05,177 [INFO] PluginManage:359 - Loaded plugin ddr (category:tool,tabindex:6)
2025-01-05 12:55:05,178 [INFO] PluginManage:310 - Check plugin filemanager
2025-01-05 12:55:05,370 [INFO] PluginManage:359 - Loaded plugin filemanager (category:base,tabindex:10)
2025-01-05 12:55:05,370 [INFO] PluginManage:310 - Check plugin ipmanager
2025-01-05 12:55:05,382 [INFO] PluginManage:359 - Loaded plugin ipmanager (category:base,tabindex:5)
2025-01-05 12:55:05,382 [INFO] PluginManage:310 - Check plugin lpbam
2025-01-05 12:55:05,412 [INFO] PluginManage:359 - Loaded plugin lpbam (category:base,tabindex:0)
2025-01-05 12:55:05,413 [INFO] PluginManage:310 - Check plugin memorymap
2025-01-05 12:55:05,463 [INFO] PluginManage:359 - Loaded plugin memorymap (category:base,tabindex:4)
2025-01-05 12:55:05,463 [INFO] PluginManage:310 - Check plugin pinoutandconfiguration
2025-01-05 12:55:05,492 [INFO] PluginManage:359 - Loaded plugin pinoutandconfiguration (category:base,tabindex:1)
2025-01-05 12:55:05,493 [INFO] PluginManage:310 - Check plugin pinoutconfig
2025-01-05 12:55:05,660 [WARN] SupportedApi:132 - Cannot load RTOS API schema: s4s-elt-must-match.1: The content of 'definitions' must match (annotation?, (simpleType | complexType)?, (unique | key | keyref)*)). A problem was found starting at: attribute.
2025-01-05 12:55:05,815 [INFO] PluginManage:359 - Loaded plugin pinoutconfig (category:base,tabindex:0)
2025-01-05 12:55:05,815 [INFO] PluginManage:310 - Check plugin power
2025-01-05 12:55:05,842 [INFO] PluginManage:359 - Loaded plugin power (category:power,tabindex:4)
2025-01-05 12:55:05,842 [INFO] PluginManage:310 - Check plugin projectmanager
2025-01-05 12:55:05,862 [INFO] PluginManage:359 - Loaded plugin projectmanager (category:projectmanager,tabindex:4)
2025-01-05 12:55:05,862 [INFO] PluginManage:310 - Check plugin rif
2025-01-05 12:55:05,886 [INFO] PluginManage:359 - Loaded plugin rif (category:base,tabindex:3)
2025-01-05 12:55:05,886 [INFO] PluginManage:310 - Check plugin thirdparty
2025-01-05 12:55:06,066 [ERROR] ConfigurationRetriever:142 - IOException on connection: Connect timed out
2025-01-05 12:55:06,312 [INFO] PluginManage:359 - Loaded plugin thirdparty (category:base,tabindex:-1)
2025-01-05 12:55:06,312 [WARN] IntegrityCheckThread:84 - waiting for thirdparty lock release [integrity check]
2025-01-05 12:55:06,313 [INFO] PluginManage:310 - Check plugin tools
2025-01-05 12:55:06,313 [INFO] IntegrityCheckThread:86 - entering critical section [integrity check]
2025-01-05 12:55:06,313 [INFO] ThirdPartyUpdaterWithRetryManager:70 - Updater plugin not ready yet. [1/15]
2025-01-05 12:55:06,374 [INFO] PluginManage:359 - Loaded plugin tools (category:base,tabindex:7)
2025-01-05 12:55:06,374 [INFO] PluginManage:310 - Check plugin tutovideos
2025-01-05 12:55:06,596 [INFO] PluginManage:359 - Loaded plugin tutovideos (category:base,tabindex:-1)
2025-01-05 12:55:06,597 [INFO] PluginManage:310 - Check plugin updater
2025-01-05 12:55:06,623 [INFO] PluginManage:359 - Loaded plugin updater (category:base,tabindex:12)
2025-01-05 12:55:06,623 [INFO] PluginManage:310 - Check plugin userauth
2025-01-05 12:55:06,628 [INFO] UserAuth:118 - Init User Auth plugin
2025-01-05 12:55:06,629 [INFO] PluginManage:359 - Loaded plugin userauth (category:base,tabindex:14)
2025-01-05 12:55:06,629 [INFO] PluginManage:283 - PluginManage : Loaded plugins [18]
2025-01-05 12:55:06,950 [INFO] PinOutPanel:1589 - setPackage(No Configuration,No Configuration)
2025-01-05 12:55:07,127 [INFO] CADModel:165 - CPN selected for project level
2025-01-05 12:55:07,127 [INFO] CADModel:114 - Register for checkConnection events
2025-01-05 12:55:07,180 [INFO] IPUIPlugin:80 - create IPUIPlugin
2025-01-05 12:55:07,180 [INFO] PluginManager:220 - loadIPPluginJar : add adc
2025-01-05 12:55:07,275 [INFO] IPUIPlugin:80 - create IPUIPlugin
2025-01-05 12:55:07,275 [INFO] PluginManager:220 - loadIPPluginJar : add aes
2025-01-05 12:55:07,372 [INFO] IPUIPlugin:80 - create IPUIPlugin
2025-01-05 12:55:07,372 [INFO] PluginManager:220 - loadIPPluginJar : add can
2025-01-05 12:55:07,429 [INFO] IPUIPlugin:80 - create IPUIPlugin
2025-01-05 12:55:07,429 [INFO] PluginManager:220 - loadIPPluginJar : add comp
2025-01-05 12:55:07,498 [INFO] IPUIPlugin:80 - create IPUIPlugin
2025-01-05 12:55:07,498 [INFO] PluginManager:220 - loadIPPluginJar : add cryp
2025-01-05 12:55:07,522 [INFO] IPUIPlugin:80 - create IPUIPlugin
2025-01-05 12:55:07,522 [INFO] PluginManager:220 - loadIPPluginJar : add ddr_ctrl_phy
2025-01-05 12:55:07,605 [INFO] IPUIPlugin:80 - create IPUIPlugin
2025-01-05 12:55:07,605 [INFO] PluginManager:220 - loadIPPluginJar : add dfsdm
2025-01-05 12:55:07,649 [INFO] IPUIPlugin:80 - create IPUIPlugin
2025-01-05 12:55:07,651 [INFO] PluginManager:220 - loadIPPluginJar : add dma
2025-01-05 12:55:07,800 [INFO] IPUIPlugin:80 - create IPUIPlugin
2025-01-05 12:55:07,801 [INFO] PluginManager:220 - loadIPPluginJar : add dma3
2025-01-05 12:55:08,005 [INFO] IPUIPlugin:80 - create IPUIPlugin
2025-01-05 12:55:08,006 [INFO] PluginManager:220 - loadIPPluginJar : add extmemmanager
2025-01-05 12:55:08,084 [INFO] IPUIPlugin:80 - create IPUIPlugin
2025-01-05 12:55:08,086 [INFO] PluginManager:220 - loadIPPluginJar : add fatfs
2025-01-05 12:55:08,250 [INFO] IPUIPlugin:80 - create IPUIPlugin
2025-01-05 12:55:08,250 [INFO] PluginManager:220 - loadIPPluginJar : add fmc
2025-01-05 12:55:08,293 [INFO] IPUIPlugin:80 - create IPUIPlugin
2025-01-05 12:55:08,294 [INFO] PluginManager:220 - loadIPPluginJar : add freertos
2025-01-05 12:55:08,371 [INFO] IPUIPlugin:80 - create IPUIPlugin
2025-01-05 12:55:08,371 [INFO] PluginManager:220 - loadIPPluginJar : add genericplugin
2025-01-05 12:55:08,726 [INFO] IPUIPlugin:80 - create IPUIPlugin
2025-01-05 12:55:08,726 [INFO] PluginManager:220 - loadIPPluginJar : add gfxmmu
2025-01-05 12:55:09,314 [INFO] ThirdPartyUpdaterWithRetryManager:70 - Updater plugin not ready yet. [2/15]
2025-01-05 12:55:09,329 [INFO] IPUIPlugin:80 - create IPUIPlugin
2025-01-05 12:55:09,330 [INFO] PluginManager:220 - loadIPPluginJar : add gic
2025-01-05 12:55:09,370 [INFO] IPUIPlugin:80 - create IPUIPlugin
2025-01-05 12:55:09,371 [INFO] PluginManager:220 - loadIPPluginJar : add gpio
2025-01-05 12:55:09,663 [INFO] IPUIPlugin:80 - create IPUIPlugin
2025-01-05 12:55:09,665 [INFO] PluginManager:220 - loadIPPluginJar : add gtzc
2025-01-05 12:55:09,797 [INFO] IPUIPlugin:80 - create IPUIPlugin
2025-01-05 12:55:09,797 [INFO] PluginManager:220 - loadIPPluginJar : add hash
2025-01-05 12:55:10,008 [INFO] IPUIPlugin:80 - create IPUIPlugin
2025-01-05 12:55:10,009 [INFO] PluginManager:220 - loadIPPluginJar : add i2c
2025-01-05 12:55:10,123 [ERROR] ConfigurationRetriever:142 - IOException on connection: Connect timed out
2025-01-05 12:55:10,160 [INFO] IPUIPlugin:80 - create IPUIPlugin
2025-01-05 12:55:10,160 [INFO] PluginManager:220 - loadIPPluginJar : add i2s
2025-01-05 12:55:10,314 [INFO] IPUIPlugin:80 - create IPUIPlugin
2025-01-05 12:55:10,314 [INFO] PluginManager:220 - loadIPPluginJar : add i3c
2025-01-05 12:55:10,784 [INFO] IPUIPlugin:80 - create IPUIPlugin
2025-01-05 12:55:10,785 [INFO] PluginManager:220 - loadIPPluginJar : add ipddr
2025-01-05 12:55:11,158 [INFO] IPUIPlugin:80 - create IPUIPlugin
2025-01-05 12:55:11,159 [INFO] PluginManager:220 - loadIPPluginJar : add linkedlist
2025-01-05 12:55:11,280 [INFO] IPUIPlugin:80 - create IPUIPlugin
2025-01-05 12:55:11,280 [INFO] PluginManager:220 - loadIPPluginJar : add lorawan
2025-01-05 12:55:11,436 [INFO] IPUIPlugin:80 - create IPUIPlugin
2025-01-05 12:55:11,436 [INFO] PluginManager:220 - loadIPPluginJar : add ltdc
2025-01-05 12:55:11,475 [INFO] IPUIPlugin:80 - create IPUIPlugin
2025-01-05 12:55:11,475 [INFO] PluginManager:220 - loadIPPluginJar : add mdma
2025-01-05 12:55:11,512 [INFO] IPUIPlugin:80 - create IPUIPlugin
2025-01-05 12:55:11,512 [INFO] PluginManager:220 - loadIPPluginJar : add nvic
2025-01-05 12:55:11,650 [INFO] IPUIPlugin:80 - create IPUIPlugin
2025-01-05 12:55:11,650 [INFO] PluginManager:220 - loadIPPluginJar : add opamp
2025-01-05 12:55:11,914 [INFO] IPUIPlugin:80 - create IPUIPlugin
2025-01-05 12:55:11,914 [INFO] PluginManager:220 - loadIPPluginJar : add openamp
2025-01-05 12:55:12,100 [INFO] IPUIPlugin:80 - create IPUIPlugin
2025-01-05 12:55:12,100 [INFO] PluginManager:220 - loadIPPluginJar : add pdm2pcm
2025-01-05 12:55:12,127 [INFO] IPUIPlugin:80 - create IPUIPlugin
2025-01-05 12:55:12,130 [INFO] PluginManager:220 - loadIPPluginJar : add plateformsettings
2025-01-05 12:55:12,222 [INFO] IPUIPlugin:80 - create IPUIPlugin
2025-01-05 12:55:12,222 [INFO] PluginManager:220 - loadIPPluginJar : add quadspi
2025-01-05 12:55:12,315 [INFO] IPUIPlugin:80 - create IPUIPlugin
2025-01-05 12:55:12,315 [INFO] ThirdPartyUpdaterWithRetryManager:70 - Updater plugin not ready yet. [3/15]
2025-01-05 12:55:12,317 [INFO] PluginManager:220 - loadIPPluginJar : add radio
2025-01-05 12:55:12,371 [INFO] IPUIPlugin:80 - create IPUIPlugin
2025-01-05 12:55:12,371 [INFO] PluginManager:220 - loadIPPluginJar : add resmgrutility
2025-01-05 12:55:12,548 [INFO] IPUIPlugin:80 - create IPUIPlugin
2025-01-05 12:55:12,549 [INFO] PluginManager:220 - loadIPPluginJar : add sai
2025-01-05 12:55:12,683 [INFO] IPUIPlugin:80 - create IPUIPlugin
2025-01-05 12:55:12,683 [INFO] PluginManager:220 - loadIPPluginJar : add spi
2025-01-05 12:55:12,956 [INFO] IPUIPlugin:80 - create IPUIPlugin
2025-01-05 12:55:12,956 [INFO] PluginManager:220 - loadIPPluginJar : add stm32_wpan
2025-01-05 12:55:13,060 [INFO] IPUIPlugin:80 - create IPUIPlugin
2025-01-05 12:55:13,061 [INFO] PluginManager:220 - loadIPPluginJar : add tim
2025-01-05 12:55:13,339 [INFO] IPUIPlugin:80 - create IPUIPlugin
2025-01-05 12:55:13,340 [INFO] PluginManager:220 - loadIPPluginJar : add touchsensing
2025-01-05 12:55:13,469 [INFO] IPUIPlugin:80 - create IPUIPlugin
2025-01-05 12:55:13,470 [INFO] PluginManager:220 - loadIPPluginJar : add tracer_emb
2025-01-05 12:55:13,577 [INFO] IPUIPlugin:80 - create IPUIPlugin
2025-01-05 12:55:13,577 [INFO] PluginManager:220 - loadIPPluginJar : add ts
2025-01-05 12:55:13,663 [INFO] IPUIPlugin:80 - create IPUIPlugin
2025-01-05 12:55:13,663 [INFO] PluginManager:220 - loadIPPluginJar : add tsc
2025-01-05 12:55:13,744 [INFO] IPUIPlugin:80 - create IPUIPlugin
2025-01-05 12:55:13,744 [INFO] PluginManager:220 - loadIPPluginJar : add ucpd
2025-01-05 12:55:13,915 [INFO] IPUIPlugin:80 - create IPUIPlugin
2025-01-05 12:55:13,915 [INFO] PluginManager:220 - loadIPPluginJar : add usart
2025-01-05 12:55:14,101 [INFO] IPUIPlugin:80 - create IPUIPlugin
2025-01-05 12:55:14,102 [INFO] PluginManager:220 - loadIPPluginJar : add usbx
2025-01-05 12:55:14,330 [FATAL] Updater:351 - Updater called before beeing initialized
2025-01-05 12:55:14,392 [INFO] RulesReader:64 - Compatibility file has been processed (297 Rules)
2025-01-05 12:55:14,426 [INFO] RulesReader:64 - Compatibility file has been processed (297 Rules)
2025-01-05 12:55:14,442 [INFO] CADModel:165 - CPN selected for project level
2025-01-05 12:55:14,443 [INFO] CADModel:114 - Register for checkConnection events
2025-01-05 12:55:14,443 [FATAL] Updater:351 - Updater called before beeing initialized
2025-01-05 12:55:14,443 [ERROR] CADModel:125 - Updater not yet initialized, retry later 
2025-01-05 12:55:14,783 [FATAL] Updater:351 - Updater called before beeing initialized
2025-01-05 12:55:14,788 [INFO] CADModel:165 - CPN selected for project level
2025-01-05 12:55:14,788 [INFO] CADModel:114 - Register for checkConnection events
2025-01-05 12:55:14,788 [FATAL] Updater:351 - Updater called before beeing initialized
2025-01-05 12:55:14,788 [ERROR] CADModel:125 - Updater not yet initialized, retry later 
2025-01-05 12:55:14,793 [FATAL] Updater:351 - Updater called before beeing initialized
2025-01-05 12:55:15,126 [ERROR] ConfigurationRetriever:142 - IOException on connection: Connect timed out
2025-01-05 12:55:15,238 [FATAL] Updater:351 - Updater called before beeing initialized
2025-01-05 12:55:15,271 [INFO] DbMcusAds:53 - JSON generation date=Tue Dec 17 13:01:15 BRT 2024 (1734451275222)
2025-01-05 12:55:15,271 [FATAL] Updater:351 - Updater called before beeing initialized
2025-01-05 12:55:15,317 [INFO] ThirdPartyUpdaterWithRetryManager:70 - Updater plugin not ready yet. [4/15]
2025-01-05 12:55:15,372 [WARN] DetailPanel:346 - Failed to get advertising image, set to default
2025-01-05 12:55:16,177 [FATAL] Updater:351 - Updater called before beeing initialized
2025-01-05 12:55:16,182 [FATAL] Updater:351 - Updater called before beeing initialized
2025-01-05 12:55:16,183 [FATAL] Updater:351 - Updater called before beeing initialized
2025-01-05 12:55:16,183 [WARN] DetailPanel:346 - Failed to get advertising image, set to default
2025-01-05 12:55:16,184 [FATAL] Updater:351 - Updater called before beeing initialized
2025-01-05 12:55:16,430 [ERROR] Updater:1198 - MainUpdater not yet initialized. External WinMGr cannot be set.
2025-01-05 12:55:16,467 [INFO] Updater:1134 - Updater Version found : 6.13.0
2025-01-05 12:55:16,505 [INFO] ApplicationProperties:184 - Using Application install path: C:\ST\STM32CubeIDE_1.17.0\STM32CubeIDE\plugins\com.st.stm32cube.common.mx_6.13.0.202411220809
2025-01-05 12:55:18,163 [ERROR] LogOutputStream:75 - [STDERR_REDIRECT] Jan 05, 2025 12:55:18 PM java.util.prefs.WindowsPreferences <init>
2025-01-05 12:55:18,167 [ERROR] LogOutputStream:75 - [STDERR_REDIRECT] WARNING: Could not open/create prefs root node Software\JavaSoft\Prefs at root 0xffffffff80000002. Windows RegCreateKeyEx(...) returned error code 5.
2025-01-05 12:55:18,167 [ERROR] LogOutputStream:75 - [STDERR_REDIRECT] 
2025-01-05 12:55:18,317 [FATAL] Updater:351 - Updater called before beeing initialized
2025-01-05 12:55:18,318 [ERROR] IntegrityCheckThread:130 - Cannot retrieve database content from updater: error 21
2025-01-05 12:55:18,318 [INFO] ThirdParty:978 - Integrity check success = false
2025-01-05 12:55:18,318 [INFO] IntegrityCheckThread:100 - exiting critical section [integrity check]
2025-01-05 12:55:18,319 [INFO] IntegrityCheckThread:103 - End integrity checks thread
2025-01-05 12:55:20,129 [ERROR] ConfigurationRetriever:142 - IOException on connection: Connect timed out
2025-01-05 12:55:22,982 [ERROR] ConfigurationRetriever:142 - IOException on connection: Connect timed out
2025-01-05 12:55:23,417 [WARN] CheckConnectionManager:291 - Warning during Server Connection :  timeout Connect to sw-center.st.com:443 [sw-center.st.com/2.18.248.234, sw-center.st.com/2.18.248.248] failed: Connect timed out
2025-01-05 12:55:24,985 [ERROR] ConfigurationRetriever:142 - IOException on connection: Connect timed out
2025-01-05 12:55:26,986 [ERROR] ConfigurationRetriever:142 - IOException on connection: Connect timed out
2025-01-05 12:55:27,430 [WARN] CheckConnectionManager:291 - Warning during Server Connection :  timeout Connect to sw-center.st.com:443 [sw-center.st.com/2.18.248.234, sw-center.st.com/2.18.248.248] failed: Connect timed out
2025-01-05 12:55:27,436 [INFO] MainUpdater:2872 - connection check result : 22
2025-01-05 12:55:27,438 [INFO] MainUpdater:289 - Updater Check For Update Now.
2025-01-05 12:55:27,438 [INFO] MicroXplorer:498 - Change Database Version : DB.6.0.130
2025-01-05 12:55:27,574 [INFO] McuFinderGlobals:63 - Set McuFinder mode to 2 (CubeIDE integrated)
2025-01-05 12:55:27,595 [INFO] UserAuth:486 - Internet connection configuration mode: 2
2025-01-05 12:55:27,618 [INFO] UserAuth:486 - Internet connection configuration mode: 2
2025-01-05 12:55:27,969 [INFO] CheckServerUpdateThread:120 - End of CheckServer Thread
2025-01-05 12:55:28,085 [ERROR] LogOutputStream:75 - [STDERR_REDIRECT] 
2025-01-05 12:55:36,375 [INFO] Activator:176 - 


2025-01-05 12:55:36,378 [INFO] Activator:177 - !SESSION log4j initialized
2025-01-05 12:55:39,813 [INFO] LogOutputStream:77 - [STDOUT_REDIRECT] 
2025-01-05 12:55:43,233 [ERROR] ConfigurationRetriever:142 - IOException on connection: Connect timed out
2025-01-05 12:55:45,235 [ERROR] ConfigurationRetriever:142 - IOException on connection: Connect timed out
2025-01-05 12:55:46,690 [INFO] ApplicationProperties:184 - Using Application install path: C:\ST\STM32CubeIDE_1.17.0\STM32CubeIDE\plugins\com.st.stm32cube.common.mx_6.13.0.202411220809
2025-01-05 12:55:46,727 [INFO] DbMcusXml:78 - Set database path to: C:\ST\STM32CubeIDE_1.17.0\STM32CubeIDE\plugins\com.st.stm32cube.common.mx_6.13.0.202411220809\\db\/mcu/
2025-01-05 12:55:46,727 [INFO] ApiDb:274 - Set plugin database path to: C:\ST\STM32CubeIDE_1.17.0\STM32CubeIDE\plugins\com.st.stm32cube.common.mx_6.13.0.202411220809\\db\/plugins/boardmanager/
2025-01-05 12:55:46,728 [WARN] ApiDb:259 - Overriding images path with different value:  => C:\ST\STM32CubeIDE_1.17.0\STM32CubeIDE\plugins\com.st.stm32cube.common.mx_6.13.0.202411220809\\db\/plugins/mcufinder/images/
2025-01-05 12:55:46,740 [INFO] ApiDb:250 - Set database path to: C:\Users\lagoeirl\.stmcufinder\plugins\mcufinder//mcu/
2025-01-05 12:55:46,742 [INFO] DbMcusAds:125 - Set database path to: C:\Users\lagoeirl\.stmcufinder\plugins\mcufinder//mcu/
2025-01-05 12:55:47,050 [INFO] CrossReferenceDbSqlite:203 - Set database path to: C:\Users\lagoeirl\.stmcufinder\plugins\mcufinder//mcu/cs/
2025-01-05 12:55:47,237 [ERROR] ConfigurationRetriever:142 - IOException on connection: Connect timed out
2025-01-05 12:55:47,249 [INFO] RulesReader:64 - Compatibility file has been processed (297 Rules)
2025-01-05 12:55:47,421 [INFO] DbMcusXml:78 - Set database path to: C:\ST\STM32CubeIDE_1.17.0\STM32CubeIDE\plugins\com.st.stm32cube.common.mx_6.13.0.202411220809\\db\/mcu/
2025-01-05 12:55:47,421 [INFO] ApiDb:274 - Set plugin database path to: C:\ST\STM32CubeIDE_1.17.0\STM32CubeIDE\plugins\com.st.stm32cube.common.mx_6.13.0.202411220809\\db\/plugins/boardmanager/
2025-01-05 12:55:47,422 [INFO] ApiDb:261 - Set plugin images path to: C:\ST\STM32CubeIDE_1.17.0\STM32CubeIDE\plugins\com.st.stm32cube.common.mx_6.13.0.202411220809\\db\/plugins/mcufinder/images/
2025-01-05 12:55:47,422 [WARN] DbFile:41 - Overriding database path with different value: C:\Users\lagoeirl\.stmcufinder\plugins\mcufinder/ => C:\Users\lagoeirl\.stmcufinder\plugins\mcufinder
2025-01-05 12:55:47,422 [INFO] ApiDb:250 - Set database path to: C:\Users\lagoeirl\.stmcufinder\plugins\mcufinder//mcu/
2025-01-05 12:55:47,422 [WARN] DbFile:41 - Overriding database path with different value: C:\Users\lagoeirl\.stmcufinder\plugins\mcufinder/ => C:\Users\lagoeirl\.stmcufinder\plugins\mcufinder
2025-01-05 12:55:47,422 [INFO] DbMcusAds:125 - Set database path to: C:\Users\lagoeirl\.stmcufinder\plugins\mcufinder//mcu/
2025-01-05 12:55:47,423 [WARN] DbFile:41 - Overriding database path with different value: C:\Users\lagoeirl\.stmcufinder\plugins\mcufinder/ => C:\Users\lagoeirl\.stmcufinder\plugins\mcufinder
2025-01-05 12:55:47,423 [WARN] DbFile:41 - Overriding database path with different value: C:\Users\lagoeirl\.stmcufinder\plugins\mcufinder/ => C:\Users\lagoeirl\.stmcufinder\plugins\mcufinder
2025-01-05 12:55:47,785 [INFO] CrossReferenceDbSqlite:203 - Set database path to: C:\Users\lagoeirl\.stmcufinder\plugins\mcufinder//mcu/cs/
2025-01-05 12:55:47,949 [INFO] MainPanel:272 - HeapMemory: 268435456
2025-01-05 12:55:48,097 [INFO] DbMcusXml:78 - Set database path to: C:\ST\STM32CubeIDE_1.17.0\STM32CubeIDE\plugins\com.st.stm32cube.common.mx_6.13.0.202411220809\\db\/mcu/
2025-01-05 12:55:48,098 [INFO] ApiDb:274 - Set plugin database path to: C:\ST\STM32CubeIDE_1.17.0\STM32CubeIDE\plugins\com.st.stm32cube.common.mx_6.13.0.202411220809\\db\/plugins/boardmanager/
2025-01-05 12:55:48,098 [INFO] ApiDb:261 - Set plugin images path to: C:\ST\STM32CubeIDE_1.17.0\STM32CubeIDE\plugins\com.st.stm32cube.common.mx_6.13.0.202411220809\\db\/plugins/mcufinder/images/
2025-01-05 12:55:48,098 [WARN] DbFile:41 - Overriding database path with different value: C:\Users\lagoeirl\.stmcufinder\plugins\mcufinder/ => C:\Users\lagoeirl\.stmcufinder\plugins\mcufinder
2025-01-05 12:55:48,099 [INFO] ApiDb:250 - Set database path to: C:\Users\lagoeirl\.stmcufinder\plugins\mcufinder//mcu/
2025-01-05 12:55:48,099 [WARN] DbFile:41 - Overriding database path with different value: C:\Users\lagoeirl\.stmcufinder\plugins\mcufinder/ => C:\Users\lagoeirl\.stmcufinder\plugins\mcufinder
2025-01-05 12:55:48,099 [INFO] DbMcusAds:125 - Set database path to: C:\Users\lagoeirl\.stmcufinder\plugins\mcufinder//mcu/
2025-01-05 12:55:48,099 [WARN] DbFile:41 - Overriding database path with different value: C:\Users\lagoeirl\.stmcufinder\plugins\mcufinder/ => C:\Users\lagoeirl\.stmcufinder\plugins\mcufinder
2025-01-05 12:55:48,099 [WARN] DbFile:41 - Overriding database path with different value: C:\Users\lagoeirl\.stmcufinder\plugins\mcufinder/ => C:\Users\lagoeirl\.stmcufinder\plugins\mcufinder
2025-01-05 12:55:48,374 [INFO] CrossReferenceDbSqlite:203 - Set database path to: C:\Users\lagoeirl\.stmcufinder\plugins\mcufinder//mcu/cs/
2025-01-05 12:55:48,408 [INFO] ApplicationProperties:184 - Using Application install path: C:\ST\STM32CubeIDE_1.17.0\STM32CubeIDE\plugins\com.st.stm32cube.common.mx_6.13.0.202411220809
2025-01-05 12:55:48,410 [INFO] PluginManage:196 - Search for loadable plugins [exclusion list=, ]
2025-01-05 12:55:48,414 [INFO] PluginManage:310 - Check plugin analytics
2025-01-05 12:55:49,623 [INFO] AnalyticsPlugin:253 - Accepted Software Licenses: STM32CubeMX.6.11.1,STM32CubeMX.6.12.1,STM32CubeMX.6.13.0
2025-01-05 12:55:49,623 [INFO] AnalyticsPlugin:255 - Accepted CMSIS Pack Licenses: STMicroelectronics.X-CUBE-MEMS1.10.0.0,STMicroelectronics.X-CUBE-DISPLAY.3.0.0,STMicroelectronics.X-CUBE-AI.9.1.0,STMicroelectronics.X-CUBE-TOUCHGFX.4.24.1,STMicroelectronics.X-CUBE-AZRTOS-L4.2.0.0,STMicroelectronics.X-CUBE-TOUCHGFX.4.23.0
2025-01-05 12:55:49,624 [INFO] AnalyticsPlugin:257 - Accepted Firmware Licenses: FW.H7.1.11.0,FW.L4.1.18.0,FW.U5.1.6.0,FW.F4.1.28.0,FW.H5.1.3.0,FW.H7RS.1.1.0,FW.C0.1.2.0,FW.U5.1.7.0,FW.H7RS.1.0.0,FW.F7.1.17.0,FW.N6.1.0.0,FW.G4.1.6.0,FW.C0.1.3.0
2025-01-05 12:55:49,629 [INFO] PluginManage:359 - Loaded plugin analytics (category:tool,tabindex:-1)
2025-01-05 12:55:49,629 [INFO] PluginManage:310 - Check plugin cadmodel
2025-01-05 12:55:49,637 [INFO] CADModel:105 - Init CAD model plugin
2025-01-05 12:55:49,637 [INFO] PluginManage:359 - Loaded plugin cadmodel (category:power,tabindex:5)
2025-01-05 12:55:49,637 [INFO] PluginManage:310 - Check plugin clock
2025-01-05 12:55:49,655 [INFO] PluginManage:359 - Loaded plugin clock (category:base,tabindex:2)
2025-01-05 12:55:49,657 [INFO] PluginManage:310 - Check plugin ddr
2025-01-05 12:55:49,661 [INFO] PluginManage:359 - Loaded plugin ddr (category:tool,tabindex:6)
2025-01-05 12:55:49,662 [INFO] PluginManage:310 - Check plugin filemanager
2025-01-05 12:55:49,943 [INFO] PluginManage:359 - Loaded plugin filemanager (category:base,tabindex:10)
2025-01-05 12:55:49,944 [INFO] PluginManage:310 - Check plugin ipmanager
2025-01-05 12:55:49,960 [INFO] PluginManage:359 - Loaded plugin ipmanager (category:base,tabindex:5)
2025-01-05 12:55:49,960 [INFO] PluginManage:310 - Check plugin lpbam
2025-01-05 12:55:49,981 [INFO] PluginManage:359 - Loaded plugin lpbam (category:base,tabindex:0)
2025-01-05 12:55:49,981 [INFO] PluginManage:310 - Check plugin memorymap
2025-01-05 12:55:50,013 [INFO] PluginManage:359 - Loaded plugin memorymap (category:base,tabindex:4)
2025-01-05 12:55:50,014 [INFO] PluginManage:310 - Check plugin pinoutandconfiguration
2025-01-05 12:55:50,028 [INFO] PluginManage:359 - Loaded plugin pinoutandconfiguration (category:base,tabindex:1)
2025-01-05 12:55:50,029 [INFO] PluginManage:310 - Check plugin pinoutconfig
2025-01-05 12:55:50,213 [WARN] SupportedApi:132 - Cannot load RTOS API schema: s4s-elt-must-match.1: The content of 'definitions' must match (annotation?, (simpleType | complexType)?, (unique | key | keyref)*)). A problem was found starting at: attribute.
2025-01-05 12:55:50,570 [INFO] PluginManage:359 - Loaded plugin pinoutconfig (category:base,tabindex:0)
2025-01-05 12:55:50,571 [INFO] PluginManage:310 - Check plugin power
2025-01-05 12:55:50,586 [INFO] PluginManage:359 - Loaded plugin power (category:power,tabindex:4)
2025-01-05 12:55:50,586 [INFO] PluginManage:310 - Check plugin projectmanager
2025-01-05 12:55:50,617 [INFO] PluginManage:359 - Loaded plugin projectmanager (category:projectmanager,tabindex:4)
2025-01-05 12:55:50,618 [INFO] PluginManage:310 - Check plugin rif
2025-01-05 12:55:50,626 [INFO] PluginManage:359 - Loaded plugin rif (category:base,tabindex:3)
2025-01-05 12:55:50,627 [INFO] PluginManage:310 - Check plugin thirdparty
2025-01-05 12:55:50,872 [INFO] PluginManage:359 - Loaded plugin thirdparty (category:base,tabindex:-1)
2025-01-05 12:55:50,872 [WARN] IntegrityCheckThread:84 - waiting for thirdparty lock release [integrity check]
2025-01-05 12:55:50,872 [INFO] PluginManage:310 - Check plugin tools
2025-01-05 12:55:50,872 [INFO] IntegrityCheckThread:86 - entering critical section [integrity check]
2025-01-05 12:55:50,873 [INFO] ThirdPartyUpdaterWithRetryManager:70 - Updater plugin not ready yet. [1/15]
2025-01-05 12:55:50,876 [INFO] PluginManage:359 - Loaded plugin tools (category:base,tabindex:7)
2025-01-05 12:55:50,877 [INFO] PluginManage:310 - Check plugin tutovideos
2025-01-05 12:55:51,238 [INFO] PluginManage:359 - Loaded plugin tutovideos (category:base,tabindex:-1)
2025-01-05 12:55:51,239 [INFO] PluginManage:310 - Check plugin updater
2025-01-05 12:55:51,277 [INFO] PluginManage:359 - Loaded plugin updater (category:base,tabindex:12)
2025-01-05 12:55:51,277 [INFO] PluginManage:310 - Check plugin userauth
2025-01-05 12:55:51,285 [INFO] UserAuth:118 - Init User Auth plugin
2025-01-05 12:55:51,287 [INFO] PluginManage:359 - Loaded plugin userauth (category:base,tabindex:14)
2025-01-05 12:55:51,288 [INFO] PluginManage:283 - PluginManage : Loaded plugins [18]
2025-01-05 12:55:52,041 [INFO] PinOutPanel:1589 - setPackage(No Configuration,No Configuration)
2025-01-05 12:55:52,247 [INFO] CADModel:165 - CPN selected for project level
2025-01-05 12:55:52,248 [INFO] CADModel:114 - Register for checkConnection events
2025-01-05 12:55:52,279 [INFO] IPUIPlugin:80 - create IPUIPlugin
2025-01-05 12:55:52,279 [INFO] PluginManager:220 - loadIPPluginJar : add adc
2025-01-05 12:55:52,284 [INFO] IPUIPlugin:80 - create IPUIPlugin
2025-01-05 12:55:52,284 [INFO] PluginManager:220 - loadIPPluginJar : add aes
2025-01-05 12:55:52,290 [INFO] IPUIPlugin:80 - create IPUIPlugin
2025-01-05 12:55:52,290 [INFO] PluginManager:220 - loadIPPluginJar : add can
2025-01-05 12:55:52,294 [INFO] IPUIPlugin:80 - create IPUIPlugin
2025-01-05 12:55:52,294 [INFO] PluginManager:220 - loadIPPluginJar : add comp
2025-01-05 12:55:52,298 [INFO] IPUIPlugin:80 - create IPUIPlugin
2025-01-05 12:55:52,299 [INFO] PluginManager:220 - loadIPPluginJar : add cryp
2025-01-05 12:55:52,305 [INFO] IPUIPlugin:80 - create IPUIPlugin
2025-01-05 12:55:52,305 [INFO] PluginManager:220 - loadIPPluginJar : add ddr_ctrl_phy
2025-01-05 12:55:52,311 [INFO] IPUIPlugin:80 - create IPUIPlugin
2025-01-05 12:55:52,311 [INFO] PluginManager:220 - loadIPPluginJar : add dfsdm
2025-01-05 12:55:52,322 [INFO] IPUIPlugin:80 - create IPUIPlugin
2025-01-05 12:55:52,323 [INFO] PluginManager:220 - loadIPPluginJar : add dma
2025-01-05 12:55:52,328 [INFO] IPUIPlugin:80 - create IPUIPlugin
2025-01-05 12:55:52,329 [INFO] PluginManager:220 - loadIPPluginJar : add dma3
2025-01-05 12:55:52,335 [INFO] IPUIPlugin:80 - create IPUIPlugin
2025-01-05 12:55:52,335 [INFO] PluginManager:220 - loadIPPluginJar : add extmemmanager
2025-01-05 12:55:52,338 [INFO] IPUIPlugin:80 - create IPUIPlugin
2025-01-05 12:55:52,338 [INFO] PluginManager:220 - loadIPPluginJar : add fatfs
2025-01-05 12:55:52,347 [INFO] IPUIPlugin:80 - create IPUIPlugin
2025-01-05 12:55:52,347 [INFO] PluginManager:220 - loadIPPluginJar : add fmc
2025-01-05 12:55:52,357 [INFO] IPUIPlugin:80 - create IPUIPlugin
2025-01-05 12:55:52,357 [INFO] PluginManager:220 - loadIPPluginJar : add freertos
2025-01-05 12:55:52,360 [INFO] IPUIPlugin:80 - create IPUIPlugin
2025-01-05 12:55:52,361 [INFO] PluginManager:220 - loadIPPluginJar : add genericplugin
2025-01-05 12:55:52,365 [INFO] IPUIPlugin:80 - create IPUIPlugin
2025-01-05 12:55:52,365 [INFO] PluginManager:220 - loadIPPluginJar : add gfxmmu
2025-01-05 12:55:52,374 [INFO] IPUIPlugin:80 - create IPUIPlugin
2025-01-05 12:55:52,374 [INFO] PluginManager:220 - loadIPPluginJar : add gic
2025-01-05 12:55:52,381 [INFO] IPUIPlugin:80 - create IPUIPlugin
2025-01-05 12:55:52,382 [INFO] PluginManager:220 - loadIPPluginJar : add gpio
2025-01-05 12:55:52,388 [INFO] IPUIPlugin:80 - create IPUIPlugin
2025-01-05 12:55:52,388 [INFO] PluginManager:220 - loadIPPluginJar : add gtzc
2025-01-05 12:55:52,393 [INFO] IPUIPlugin:80 - create IPUIPlugin
2025-01-05 12:55:52,393 [INFO] PluginManager:220 - loadIPPluginJar : add hash
2025-01-05 12:55:52,398 [INFO] IPUIPlugin:80 - create IPUIPlugin
2025-01-05 12:55:52,398 [INFO] PluginManager:220 - loadIPPluginJar : add i2c
2025-01-05 12:55:52,403 [INFO] IPUIPlugin:80 - create IPUIPlugin
2025-01-05 12:55:52,403 [INFO] PluginManager:220 - loadIPPluginJar : add i2s
2025-01-05 12:55:52,408 [INFO] IPUIPlugin:80 - create IPUIPlugin
2025-01-05 12:55:52,408 [INFO] PluginManager:220 - loadIPPluginJar : add i3c
2025-01-05 12:55:52,416 [INFO] IPUIPlugin:80 - create IPUIPlugin
2025-01-05 12:55:52,416 [INFO] PluginManager:220 - loadIPPluginJar : add ipddr
2025-01-05 12:55:52,427 [INFO] IPUIPlugin:80 - create IPUIPlugin
2025-01-05 12:55:52,427 [INFO] PluginManager:220 - loadIPPluginJar : add linkedlist
2025-01-05 12:55:52,433 [INFO] IPUIPlugin:80 - create IPUIPlugin
2025-01-05 12:55:52,433 [INFO] PluginManager:220 - loadIPPluginJar : add lorawan
2025-01-05 12:55:52,437 [INFO] IPUIPlugin:80 - create IPUIPlugin
2025-01-05 12:55:52,437 [INFO] PluginManager:220 - loadIPPluginJar : add ltdc
2025-01-05 12:55:52,447 [INFO] IPUIPlugin:80 - create IPUIPlugin
2025-01-05 12:55:52,448 [INFO] PluginManager:220 - loadIPPluginJar : add mdma
2025-01-05 12:55:52,454 [INFO] IPUIPlugin:80 - create IPUIPlugin
2025-01-05 12:55:52,454 [INFO] PluginManager:220 - loadIPPluginJar : add nvic
2025-01-05 12:55:52,460 [INFO] IPUIPlugin:80 - create IPUIPlugin
2025-01-05 12:55:52,461 [INFO] PluginManager:220 - loadIPPluginJar : add opamp
2025-01-05 12:55:52,467 [INFO] IPUIPlugin:80 - create IPUIPlugin
2025-01-05 12:55:52,467 [INFO] PluginManager:220 - loadIPPluginJar : add openamp
2025-01-05 12:55:52,472 [INFO] IPUIPlugin:80 - create IPUIPlugin
2025-01-05 12:55:52,473 [INFO] PluginManager:220 - loadIPPluginJar : add pdm2pcm
2025-01-05 12:55:52,485 [INFO] IPUIPlugin:80 - create IPUIPlugin
2025-01-05 12:55:52,504 [INFO] PluginManager:220 - loadIPPluginJar : add plateformsettings
2025-01-05 12:55:52,508 [INFO] IPUIPlugin:80 - create IPUIPlugin
2025-01-05 12:55:52,508 [INFO] PluginManager:220 - loadIPPluginJar : add quadspi
2025-01-05 12:55:52,511 [INFO] IPUIPlugin:80 - create IPUIPlugin
2025-01-05 12:55:52,513 [INFO] PluginManager:220 - loadIPPluginJar : add radio
2025-01-05 12:55:52,518 [INFO] IPUIPlugin:80 - create IPUIPlugin
2025-01-05 12:55:52,518 [INFO] PluginManager:220 - loadIPPluginJar : add resmgrutility
2025-01-05 12:55:52,523 [INFO] IPUIPlugin:80 - create IPUIPlugin
2025-01-05 12:55:52,524 [INFO] PluginManager:220 - loadIPPluginJar : add sai
2025-01-05 12:55:52,528 [INFO] IPUIPlugin:80 - create IPUIPlugin
2025-01-05 12:55:52,528 [INFO] PluginManager:220 - loadIPPluginJar : add spi
2025-01-05 12:55:52,537 [INFO] IPUIPlugin:80 - create IPUIPlugin
2025-01-05 12:55:52,537 [INFO] PluginManager:220 - loadIPPluginJar : add stm32_wpan
2025-01-05 12:55:52,541 [INFO] IPUIPlugin:80 - create IPUIPlugin
2025-01-05 12:55:52,541 [INFO] PluginManager:220 - loadIPPluginJar : add tim
2025-01-05 12:55:52,547 [INFO] IPUIPlugin:80 - create IPUIPlugin
2025-01-05 12:55:52,547 [INFO] PluginManager:220 - loadIPPluginJar : add touchsensing
2025-01-05 12:55:52,551 [INFO] IPUIPlugin:80 - create IPUIPlugin
2025-01-05 12:55:52,552 [INFO] PluginManager:220 - loadIPPluginJar : add tracer_emb
2025-01-05 12:55:52,557 [INFO] IPUIPlugin:80 - create IPUIPlugin
2025-01-05 12:55:52,557 [INFO] PluginManager:220 - loadIPPluginJar : add ts
2025-01-05 12:55:52,560 [INFO] IPUIPlugin:80 - create IPUIPlugin
2025-01-05 12:55:52,560 [INFO] PluginManager:220 - loadIPPluginJar : add tsc
2025-01-05 12:55:52,564 [INFO] IPUIPlugin:80 - create IPUIPlugin
2025-01-05 12:55:52,564 [INFO] PluginManager:220 - loadIPPluginJar : add ucpd
2025-01-05 12:55:52,569 [INFO] IPUIPlugin:80 - create IPUIPlugin
2025-01-05 12:55:52,569 [INFO] PluginManager:220 - loadIPPluginJar : add usart
2025-01-05 12:55:52,574 [INFO] IPUIPlugin:80 - create IPUIPlugin
2025-01-05 12:55:52,574 [INFO] PluginManager:220 - loadIPPluginJar : add usbx
2025-01-05 12:55:52,747 [FATAL] Updater:351 - Updater called before beeing initialized
2025-01-05 12:55:52,811 [INFO] RulesReader:64 - Compatibility file has been processed (297 Rules)
2025-01-05 12:55:52,835 [INFO] RulesReader:64 - Compatibility file has been processed (297 Rules)
2025-01-05 12:55:52,846 [INFO] CADModel:165 - CPN selected for project level
2025-01-05 12:55:52,846 [INFO] CADModel:114 - Register for checkConnection events
2025-01-05 12:55:52,846 [FATAL] Updater:351 - Updater called before beeing initialized
2025-01-05 12:55:52,847 [ERROR] CADModel:125 - Updater not yet initialized, retry later 
2025-01-05 12:55:53,162 [FATAL] Updater:351 - Updater called before beeing initialized
2025-01-05 12:55:53,165 [INFO] CADModel:165 - CPN selected for project level
2025-01-05 12:55:53,165 [INFO] CADModel:114 - Register for checkConnection events
2025-01-05 12:55:53,165 [FATAL] Updater:351 - Updater called before beeing initialized
2025-01-05 12:55:53,165 [ERROR] CADModel:125 - Updater not yet initialized, retry later 
2025-01-05 12:55:53,170 [FATAL] Updater:351 - Updater called before beeing initialized
2025-01-05 12:55:53,410 [FATAL] Updater:351 - Updater called before beeing initialized
2025-01-05 12:55:53,418 [INFO] DbMcusAds:53 - JSON generation date=Tue Dec 17 13:01:15 BRT 2024 (1734451275222)
2025-01-05 12:55:53,419 [FATAL] Updater:351 - Updater called before beeing initialized
2025-01-05 12:55:53,489 [WARN] DetailPanel:346 - Failed to get advertising image, set to default
2025-01-05 12:55:53,875 [INFO] ThirdPartyUpdaterWithRetryManager:70 - Updater plugin not ready yet. [2/15]
2025-01-05 12:55:54,050 [FATAL] Updater:351 - Updater called before beeing initialized
2025-01-05 12:55:54,053 [FATAL] Updater:351 - Updater called before beeing initialized
2025-01-05 12:55:54,054 [FATAL] Updater:351 - Updater called before beeing initialized
2025-01-05 12:55:54,054 [WARN] DetailPanel:346 - Failed to get advertising image, set to default
2025-01-05 12:55:54,055 [FATAL] Updater:351 - Updater called before beeing initialized
2025-01-05 12:55:54,142 [ERROR] Updater:1198 - MainUpdater not yet initialized. External WinMGr cannot be set.
2025-01-05 12:55:54,148 [INFO] Updater:1134 - Updater Version found : 6.13.0
2025-01-05 12:55:54,179 [INFO] ApplicationProperties:184 - Using Application install path: C:\ST\STM32CubeIDE_1.17.0\STM32CubeIDE\plugins\com.st.stm32cube.common.mx_6.13.0.202411220809
2025-01-05 12:55:54,630 [ERROR] ConfigurationRetriever:142 - IOException on connection: Connect timed out
2025-01-05 12:55:55,791 [ERROR] LogOutputStream:75 - [STDERR_REDIRECT] Jan 05, 2025 12:55:55 PM java.util.prefs.WindowsPreferences <init>
2025-01-05 12:55:55,794 [ERROR] LogOutputStream:75 - [STDERR_REDIRECT] WARNING: Could not open/create prefs root node Software\JavaSoft\Prefs at root 0xffffffff80000002. Windows RegCreateKeyEx(...) returned error code 5.
2025-01-05 12:55:55,794 [ERROR] LogOutputStream:75 - [STDERR_REDIRECT] 
2025-01-05 12:55:56,876 [FATAL] Updater:351 - Updater called before beeing initialized
2025-01-05 12:55:56,877 [ERROR] IntegrityCheckThread:130 - Cannot retrieve database content from updater: error 21
2025-01-05 12:55:56,878 [INFO] ThirdParty:978 - Integrity check success = false
2025-01-05 12:55:56,878 [INFO] IntegrityCheckThread:100 - exiting critical section [integrity check]
2025-01-05 12:55:56,878 [INFO] IntegrityCheckThread:103 - End integrity checks thread
2025-01-05 12:55:59,633 [ERROR] ConfigurationRetriever:142 - IOException on connection: Connect timed out
2025-01-05 12:56:00,241 [WARN] CheckConnectionManager:291 - Warning during Server Connection :  timeout Connect to sw-center.st.com:443 [sw-center.st.com/2.18.248.234, sw-center.st.com/2.18.248.248] failed: Connect timed out
2025-01-05 12:56:04,259 [WARN] CheckConnectionManager:291 - Warning during Server Connection :  timeout Connect to sw-center.st.com:443 [sw-center.st.com/2.18.248.234, sw-center.st.com/2.18.248.248] failed: Connect timed out
2025-01-05 12:56:04,267 [INFO] MainUpdater:2872 - connection check result : 22
2025-01-05 12:56:04,268 [INFO] MainUpdater:289 - Updater Check For Update Now.
2025-01-05 12:56:04,269 [INFO] MicroXplorer:498 - Change Database Version : DB.6.0.130
2025-01-05 12:56:04,277 [INFO] McuFinderGlobals:63 - Set McuFinder mode to 2 (CubeIDE integrated)
2025-01-05 12:56:04,279 [INFO] UserAuth:486 - Internet connection configuration mode: 2
2025-01-05 12:56:04,287 [INFO] UserAuth:486 - Internet connection configuration mode: 2
2025-01-05 12:56:04,543 [INFO] CheckServerUpdateThread:120 - End of CheckServer Thread
2025-01-05 12:56:04,636 [ERROR] ConfigurationRetriever:142 - IOException on connection: Connect timed out
2025-01-05 12:56:41,031 [ERROR] ConfigurationRetriever:142 - IOException on connection: Connect timed out
2025-01-05 12:56:43,034 [ERROR] ConfigurationRetriever:142 - IOException on connection: Connect timed out
2025-01-05 12:56:45,038 [ERROR] ConfigurationRetriever:142 - IOException on connection: Connect timed out
2025-01-05 12:57:46,759 [ERROR] ConfigurationRetriever:142 - IOException on connection: Connect timed out
2025-01-05 12:57:48,761 [ERROR] ConfigurationRetriever:142 - IOException on connection: Connect timed out
2025-01-05 12:57:50,763 [ERROR] ConfigurationRetriever:142 - IOException on connection: Connect timed out
2025-01-05 13:07:43,530 [ERROR] ConfigurationRetriever:142 - IOException on connection: Connect timed out
2025-01-05 13:07:45,532 [ERROR] ConfigurationRetriever:142 - IOException on connection: Connect timed out
2025-01-05 13:07:47,534 [ERROR] ConfigurationRetriever:142 - IOException on connection: Connect timed out
2025-01-05 13:07:49,627 [ERROR] ConfigurationRetriever:142 - IOException on connection: Connect timed out
2025-01-05 13:07:51,629 [ERROR] ConfigurationRetriever:142 - IOException on connection: Connect timed out
2025-01-05 13:07:53,631 [ERROR] ConfigurationRetriever:142 - IOException on connection: Connect timed out
2025-01-05 17:06:18,083 [INFO] McuFinderGlobals:63 - Set McuFinder mode to 2 (CubeIDE integrated)
2025-01-05 17:06:25,945 [INFO] MainUpdater:2872 - connection check result : 10
2025-01-05 17:06:25,959 [INFO] MainUpdater:2872 - connection check result : 10
2025-01-05 17:06:26,266 [INFO] MicroXplorer:468 - Change Database Path : 
2025-01-05 17:06:26,266 [INFO] MicroXplorer:498 - Change Database Version : DB.6.0.130
2025-01-05 17:06:26,274 [WARN] ThirdParty:871 - waiting for thirdparty lock release [close project]
2025-01-05 17:06:26,274 [INFO] ThirdParty:873 - entering critical section [close project]
2025-01-05 17:06:26,318 [INFO] ThirdParty:883 - exiting critical section [close project]
2025-01-05 17:06:26,322 [INFO] PinOutPanel:1589 - setPackage(No Configuration,No Configuration)
2025-01-05 17:06:26,330 [INFO] UtilMem:75 - Begin LoadConfig() Used Memory: 392099552 Bytes (503316480)
2025-01-05 17:06:26,332 [INFO] MicroXplorer:468 - Change Database Path : 
2025-01-05 17:06:26,332 [INFO] MicroXplorer:498 - Change Database Version : DB.6.0.130
2025-01-05 17:06:26,333 [INFO] OpenFileManager:332 - Change cursor
2025-01-05 17:06:26,405 [WARN] IntegrityCheckThread:84 - waiting for thirdparty lock release [integrity check]
2025-01-05 17:06:26,405 [INFO] IntegrityCheckThread:86 - entering critical section [integrity check]
2025-01-05 17:06:26,856 [WARN] PackLoader:240 - Cannot read IP mode file for STMicroelectronics.FP-SNS-MOTENVWB1.1.4.0
2025-01-05 17:06:26,879 [WARN] PackLoader:240 - Cannot read IP mode file for STMicroelectronics.FP-ATR-ASTRA1.2.0.1
2025-01-05 17:06:26,908 [WARN] PackLoader:240 - Cannot read IP mode file for STMicroelectronics.X-CUBE-SMBUS.2.1.0
2025-01-05 17:06:26,932 [WARN] PackLoader:240 - Cannot read IP mode file for STMicroelectronics.X-CUBE-WB05N.1.1.0
2025-01-05 17:06:26,958 [WARN] PackLoader:240 - Cannot read IP mode file for STMicroelectronics.X-CUBE-TOUCHGFX.4.23.0
2025-01-05 17:06:27,190 [WARN] PackLoader:240 - Cannot read IP mode file for STMicroelectronics.X-CUBE-AZRTOS-F7.1.1.0
2025-01-05 17:06:27,310 [WARN] PackLoader:240 - Cannot read IP mode file for STMicroelectronics.X-CUBE-MEMS1.11.0.0
2025-01-05 17:06:27,449 [WARN] PackLoader:240 - Cannot read IP mode file for STMicroelectronics.FP-SNS-FLIGHT1.5.0.2
2025-01-05 17:06:27,489 [WARN] PackLoader:240 - Cannot read IP mode file for Infineon.AIROC-Wi-Fi-Bluetooth-STM32.1.7.0
2025-01-05 17:06:27,522 [WARN] PackLoader:240 - Cannot read IP mode file for STMicroelectronics.X-CUBE-DISPLAY.3.0.0
2025-01-05 17:06:27,614 [WARN] PackLoader:240 - Cannot read IP mode file for STMicroelectronics.X-CUBE-BLE1.7.0.0
2025-01-05 17:06:27,634 [WARN] PackLoader:240 - Cannot read IP mode file for STMicroelectronics.X-CUBE-NFC10.1.0.0
2025-01-05 17:06:27,661 [WARN] PackLoader:240 - Cannot read IP mode file for STMicroelectronics.X-CUBE-BLEMGR.4.0.0
2025-01-05 17:06:27,681 [WARN] PackLoader:240 - Cannot read IP mode file for emotas.I-CUBE-CANOPEN.1.3.0
2025-01-05 17:06:27,697 [WARN] PackLoader:240 - Cannot read IP mode file for STMicroelectronics.X-CUBE-BLEMGR.3.1.0
2025-01-05 17:06:27,713 [WARN] PackLoader:240 - Cannot read IP mode file for STMicroelectronics.FP-SNS-SMARTAG2.1.2.0
2025-01-05 17:06:27,768 [WARN] PackLoader:240 - Cannot read IP mode file for STMicroelectronics.X-CUBE-MEMS1.11.1.0
2025-01-05 17:06:27,896 [INFO] LogOutputStream:77 - [STDOUT_REDIRECT] 1 : Invalid condition id : UX_CORESTACK_Condition cause : null
2025-01-05 17:06:27,897 [INFO] LogOutputStream:77 - [STDOUT_REDIRECT] 1 : Invalid condition id : UX_CORESTACK_Condition cause : null
2025-01-05 17:06:27,899 [INFO] LogOutputStream:77 - [STDOUT_REDIRECT] 1 : Invalid condition id : UX_CORESTACK_Condition cause : null
2025-01-05 17:06:27,900 [INFO] LogOutputStream:77 - [STDOUT_REDIRECT] 1 : Invalid condition id : UX_CORESTACK_Condition cause : null
2025-01-05 17:06:27,901 [INFO] LogOutputStream:77 - [STDOUT_REDIRECT] 1 : Invalid condition id : UX_CORESTACK_Condition cause : null
2025-01-05 17:06:27,903 [WARN] PackLoader:240 - Cannot read IP mode file for STMicroelectronics.X-CUBE-AZRTOS-WL.2.0.0
2025-01-05 17:06:27,925 [WARN] PackLoader:240 - Cannot read IP mode file for STMicroelectronics.FP-SNS-MOTENV1.5.0.0
2025-01-05 17:06:27,945 [WARN] PackLoader:240 - Cannot read IP mode file for wolfSSL.I-CUBE-wolfMQTT.1.19.0
2025-01-05 17:06:27,971 [WARN] PackLoader:240 - Cannot read IP mode file for WES.I-CUBE-Cesium.1.3.0
2025-01-05 17:06:27,995 [WARN] PackLoader:240 - Cannot read IP mode file for STMicroelectronics.X-CUBE-BLE2.3.3.0
2025-01-05 17:06:28,037 [WARN] PackLoader:240 - Cannot read IP mode file for STMicroelectronics.X-CUBE-NFC9.1.0.0
2025-01-05 17:06:28,064 [WARN] PackLoader:240 - Cannot read IP mode file for STMicroelectronics.X-CUBE-TCPP.4.1.0
2025-01-05 17:06:28,096 [WARN] PackLoader:240 - Cannot read IP mode file for STMicroelectronics.X-CUBE-AZRTOS-G0.1.1.0
2025-01-05 17:06:28,118 [WARN] PackLoader:240 - Cannot read IP mode file for STMicroelectronics.X-CUBE-SAFEA1.1.2.2
2025-01-05 17:06:28,136 [WARN] PackLoader:240 - Cannot read IP mode file for STMicroelectronics.X-CUBE-NFC4.3.0.0
2025-01-05 17:06:28,152 [WARN] PackLoader:240 - Cannot read IP mode file for EmbeddedOffice.I-CUBE-FS-RTOS.1.0.1
2025-01-05 17:06:28,167 [WARN] PackLoader:240 - Cannot read IP mode file for STMicroelectronics.X-CUBE-TCPP.4.2.0
2025-01-05 17:06:28,187 [WARN] PackLoader:240 - Cannot read IP mode file for RealThread.X-CUBE-RT-Thread_Nano.4.1.1
2025-01-05 17:06:28,202 [WARN] PackLoader:240 - Cannot read IP mode file for STMicroelectronics.FP-ATR-SIGFOX1.3.2.0
2025-01-05 17:06:28,219 [WARN] PackLoader:240 - Cannot read IP mode file for wolfSSL.I-CUBE-wolfSSL.5.7.2
2025-01-05 17:06:28,234 [WARN] ConditionMgr:438 - getConditionDescription Invalid condition id : Cortex-A Device cause : null
2025-01-05 17:06:28,253 [WARN] ConditionMgr:1044 - genDependencies : Invalid condition id : Cortex-A Device cause : null
2025-01-05 17:06:28,253 [WARN] ConditionMgr:1044 - genDependencies : Invalid condition id : Cortex-A Device cause : null
2025-01-05 17:06:28,254 [WARN] ConditionMgr:1044 - genDependencies : Invalid condition id : Cortex-A Device cause : null
2025-01-05 17:06:28,269 [WARN] PackLoader:240 - Cannot read IP mode file for STMicroelectronics.X-CUBE-EEPRMA1.5.1.0
2025-01-05 17:06:28,280 [WARN] PackLoader:240 - Cannot read IP mode file for wolfSSL.I-CUBE-wolfSSL.5.7.4
2025-01-05 17:06:28,310 [WARN] PackLoader:240 - Cannot read IP mode file for ITTIA_DB.I-CUBE-ITTIADB.8.9.0
2025-01-05 17:06:28,342 [WARN] PackLoader:240 - Cannot read IP mode file for SEGGER.I-CUBE-embOS.1.3.1
2025-01-05 17:06:28,381 [WARN] PackLoader:240 - Cannot read IP mode file for STMicroelectronics.X-CUBE-ALGOBUILD.1.4.0
2025-01-05 17:06:28,404 [WARN] PackLoader:240 - Cannot read IP mode file for STMicroelectronics.X-CUBE-AI.9.1.0
2025-01-05 17:06:28,493 [WARN] PackLoader:240 - Cannot read IP mode file for STMicroelectronics.X-CUBE-GNSS1.6.0.0
2025-01-05 17:06:28,526 [WARN] PackLoader:240 - Cannot read IP mode file for STMicroelectronics.X-CUBE-AZRTOS-F4.1.1.0
2025-01-05 17:06:28,544 [WARN] PackLoader:240 - Cannot read IP mode file for STMicroelectronics.X-CUBE-ISPU.2.1.0
2025-01-05 17:06:28,557 [WARN] PackLoader:240 - Cannot read IP mode file for STMicroelectronics.X-CUBE-FREERTOS.1.2.0
2025-01-05 17:06:28,581 [WARN] PackLoader:240 - Cannot read IP mode file for STMicroelectronics.X-CUBE-AZRTOS-L5.2.0.0
2025-01-05 17:06:28,599 [WARN] PackLoader:240 - Cannot read IP mode file for STMicroelectronics.X-CUBE-NFC6.3.1.0
2025-01-05 17:06:28,616 [WARN] PackLoader:240 - Cannot read IP mode file for STMicroelectronics.X-CUBE-DPower.1.2.0
2025-01-05 17:06:28,630 [WARN] PackLoader:240 - Cannot read IP mode file for STMicroelectronics.X-CUBE-AI.9.0.0
2025-01-05 17:06:28,644 [WARN] PackLoader:240 - Cannot read IP mode file for STMicroelectronics.X-CUBE-FREERTOS.1.3.0
2025-01-05 17:06:28,659 [WARN] PackLoader:240 - Cannot read IP mode file for STMicroelectronics.X-CUBE-NFC7.1.0.1
2025-01-05 17:06:28,674 [WARN] PackLoader:240 - Cannot read IP mode file for wolfSSL.I-CUBE-wolfTPM.3.2.0
2025-01-05 17:06:28,704 [WARN] ConditionMgr:438 - getConditionDescription Invalid condition id : LAN8742 Phy interface Condition cause : null
2025-01-05 17:06:28,704 [WARN] PackLoader:240 - Cannot read IP mode file for STMicroelectronics.X-CUBE-AZRTOS-L4.2.0.0
2025-01-05 17:06:28,705 [WARN] ConditionMgr:1044 - genDependencies : Invalid condition id : LAN8742 Phy interface Condition cause : null
2025-01-05 17:06:28,705 [WARN] ConditionMgr:1044 - genDependencies : Invalid condition id : LAN8742 Phy interface Condition cause : null
2025-01-05 17:06:28,705 [WARN] ConditionMgr:1044 - genDependencies : Invalid condition id : LAN8742 Phy interface Condition cause : null
2025-01-05 17:06:28,711 [WARN] ConditionMgr:438 - getConditionDescription Invalid condition id : LAN8742 Phy interface Condition cause : null
2025-01-05 17:06:28,849 [WARN] PackLoader:240 - Cannot read IP mode file for STMicroelectronics.X-CUBE-SFXS2LP1.4.0.0
2025-01-05 17:06:28,901 [WARN] PackLoader:240 - Cannot read IP mode file for STMicroelectronics.X-CUBE-AZRTOS-H7.3.3.0
2025-01-05 17:06:28,932 [WARN] PackLoader:240 - Cannot read IP mode file for STMicroelectronics.X-CUBE-IPS.3.0.0
2025-01-05 17:06:28,962 [WARN] ConditionMgr:438 - getConditionDescription Invalid condition id : UX DEVICE CLASS RTOS Condition cause : null
2025-01-05 17:06:28,962 [WARN] ConditionMgr:438 - getConditionDescription Invalid condition id : UX DEVICE CLASS RTOS Condition cause : null
2025-01-05 17:06:28,963 [WARN] PackLoader:240 - Cannot read IP mode file for STMicroelectronics.X-CUBE-AZRTOS-WB.2.0.0
2025-01-05 17:06:28,964 [WARN] ConditionMgr:1044 - genDependencies : Invalid condition id : UX DEVICE CLASS RTOS Condition cause : null
2025-01-05 17:06:28,964 [WARN] ConditionMgr:1044 - genDependencies : Invalid condition id : UX DEVICE CLASS RTOS Condition cause : null
2025-01-05 17:06:28,964 [WARN] ConditionMgr:1044 - genDependencies : Invalid condition id : UX DEVICE CLASS RTOS Condition cause : null
2025-01-05 17:06:28,964 [WARN] ConditionMgr:1044 - genDependencies : Invalid condition id : UX DEVICE CLASS RTOS Condition cause : null
2025-01-05 17:06:28,964 [WARN] ConditionMgr:1044 - genDependencies : Invalid condition id : UX DEVICE CLASS RTOS Condition cause : null
2025-01-05 17:06:28,988 [WARN] PackLoader:240 - Cannot read IP mode file for STMicroelectronics.X-CUBE-GNSS1.7.0.0
2025-01-05 17:06:29,010 [WARN] PackLoader:240 - Cannot read IP mode file for STMicroelectronics.X-CUBE-GNSS1.7.0.1
2025-01-05 17:06:29,037 [WARN] PackLoader:240 - Cannot read IP mode file for STMicroelectronics.FP-SNS-STBOX1.2.0.0
2025-01-05 17:06:29,070 [WARN] PackLoader:240 - Cannot read IP mode file for STMicroelectronics.X-CUBE-SUBG2.5.0.0
2025-01-05 17:06:29,101 [WARN] PackLoader:240 - Cannot read IP mode file for Cesanta.I-CUBE-Mongoose.7.13.0
2025-01-05 17:06:29,138 [WARN] PackLoader:240 - Cannot read IP mode file for STMicroelectronics.X-CUBE-AZRTOS-G4.2.0.0
2025-01-05 17:06:29,167 [WARN] PackLoader:240 - Cannot read IP mode file for STMicroelectronics.X-CUBE-ISPU.2.0.0
2025-01-05 17:06:29,193 [WARN] PackLoader:240 - Cannot read IP mode file for STMicroelectronics.X-CUBE-ALS.1.0.2
2025-01-05 17:06:29,258 [WARN] PackLoader:240 - Cannot read IP mode file for STMicroelectronics.X-CUBE-MEMS1.10.0.0
2025-01-05 17:06:29,502 [WARN] PackLoader:240 - Cannot read IP mode file for STMicroelectronics.X-CUBE-TOUCHGFX.4.24.0
2025-01-05 17:06:29,607 [WARN] PackLoader:240 - Cannot read IP mode file for STMicroelectronics.X-CUBE-TOUCHGFX.4.24.1
2025-01-05 17:06:29,692 [WARN] PackLoader:240 - Cannot read IP mode file for wolfSSL.I-CUBE-wolfTPM.3.4.0
2025-01-05 17:06:29,711 [WARN] PackLoader:240 - Cannot read IP mode file for portGmbH.I-Cube-SoM-uGOAL.1.1.0
2025-01-05 17:06:29,742 [WARN] PackLoader:240 - Cannot read IP mode file for STMicroelectronics.X-CUBE-AZRTOS-H7RS.1.0.0
2025-01-05 17:06:29,763 [WARN] PackLoader:240 - Cannot read IP mode file for STMicroelectronics.FP-ATR-ASTRA1.2.0.0
2025-01-05 17:06:29,792 [WARN] PackLoader:240 - Cannot read IP mode file for STMicroelectronics.X-CUBE-TOF1.3.4.2
2025-01-05 17:06:29,833 [WARN] PackLoader:240 - Cannot read IP mode file for Infineon.AIROC-Wi-Fi-Bluetooth-STM32.1.6.1
2025-01-05 17:06:29,862 [WARN] PackLoader:240 - Cannot read IP mode file for STMicroelectronics.X-CUBE-AZRTOS-H7.3.2.0
2025-01-05 17:06:29,878 [WARN] PackLoader:240 - Cannot read IP mode file for wolfSSL.I-CUBE-wolfSSH.1.4.17
2025-01-05 17:06:29,878 [INFO] ThirdParty:978 - Integrity check success = true
2025-01-05 17:06:29,878 [INFO] IntegrityCheckThread:100 - exiting critical section [integrity check]
2025-01-05 17:06:29,878 [INFO] IntegrityCheckThread:103 - End integrity checks thread
2025-01-05 17:06:29,928 [INFO] Mcu:2035 - Initializing MCU STM32U545RETxQ STM32U545RETxQ STM32U545RET6Q
2025-01-05 17:06:34,717 [INFO] Context:748 - Trying to add GPIOservice into a context  which must be forbidden
2025-01-05 17:06:34,718 [INFO] Context:748 - Trying to add GPIOservice into a context  which must be forbidden
2025-01-05 17:06:37,370 [WARN] ModelIntegratedComponent:63 - No mode defined for component null
2025-01-05 17:06:37,371 [WARN] ModelIntegratedComponent:63 - No mode defined for component null
2025-01-05 17:06:37,371 [WARN] ModelIntegratedComponent:63 - No mode defined for component null
2025-01-05 17:06:37,371 [WARN] ModelIntegratedComponent:63 - No mode defined for component null
2025-01-05 17:06:37,371 [WARN] ModelIntegratedComponent:63 - No mode defined for component null
2025-01-05 17:06:37,371 [WARN] ModelIntegratedComponent:63 - No mode defined for component null
2025-01-05 17:06:37,371 [WARN] ModelIntegratedComponent:63 - No mode defined for component null
2025-01-05 17:06:37,371 [WARN] ModelIntegratedComponent:63 - No mode defined for component null
2025-01-05 17:06:37,371 [WARN] ModelIntegratedComponent:63 - No mode defined for component null
2025-01-05 17:06:37,371 [WARN] ModelIntegratedComponent:63 - No mode defined for component null
2025-01-05 17:06:37,371 [WARN] ModelIntegratedComponent:63 - No mode defined for component null
2025-01-05 17:06:37,371 [WARN] ModelIntegratedComponent:63 - No mode defined for component null
2025-01-05 17:06:37,371 [WARN] ModelIntegratedComponent:63 - No mode defined for component null
2025-01-05 17:06:37,371 [WARN] ModelIntegratedComponent:63 - No mode defined for component null
2025-01-05 17:06:37,371 [WARN] ModelIntegratedComponent:63 - No mode defined for component null
2025-01-05 17:06:37,371 [WARN] ModelIntegratedComponent:63 - No mode defined for component null
2025-01-05 17:06:37,371 [WARN] ModelIntegratedComponent:63 - No mode defined for component null
2025-01-05 17:06:37,371 [WARN] ModelIntegratedComponent:63 - No mode defined for component null
2025-01-05 17:06:37,371 [WARN] ModelIntegratedComponent:63 - No mode defined for component null
2025-01-05 17:06:37,371 [WARN] ModelIntegratedComponent:63 - No mode defined for component null
2025-01-05 17:06:37,372 [WARN] ModelIntegratedComponent:63 - No mode defined for component null
2025-01-05 17:06:37,372 [WARN] ModelIntegratedComponent:63 - No mode defined for component null
2025-01-05 17:06:37,372 [WARN] ModelIntegratedComponent:63 - No mode defined for component null
2025-01-05 17:06:37,372 [WARN] ModelIntegratedComponent:63 - No mode defined for component null
2025-01-05 17:06:37,372 [WARN] ModelIntegratedComponent:63 - No mode defined for component null
2025-01-05 17:06:37,372 [WARN] ModelIntegratedComponent:63 - No mode defined for component null
2025-01-05 17:06:37,372 [WARN] ModelIntegratedComponent:63 - No mode defined for component null
2025-01-05 17:06:37,372 [WARN] ModelIntegratedComponent:63 - No mode defined for component null
2025-01-05 17:06:37,372 [WARN] ModelIntegratedComponent:63 - No mode defined for component null
2025-01-05 17:06:37,372 [WARN] ModelIntegratedComponent:63 - No mode defined for component null
2025-01-05 17:06:37,372 [WARN] ModelIntegratedComponent:63 - No mode defined for component null
2025-01-05 17:06:37,372 [WARN] ModelIntegratedComponent:63 - No mode defined for component null
2025-01-05 17:06:37,372 [WARN] ModelIntegratedComponent:63 - No mode defined for component null
2025-01-05 17:06:37,372 [WARN] ModelIntegratedComponent:63 - No mode defined for component null
2025-01-05 17:06:37,372 [WARN] ModelIntegratedComponent:63 - No mode defined for component null
2025-01-05 17:06:37,372 [WARN] ModelPack:524 - Component already loaded: STMicroelectronics:HAL Drivers:0.0.0:STMicroelectronics:Device:STMicro_Driver:XSPI:HAL::0.0.1:HAL_XSPI
2025-01-05 17:06:37,426 [INFO] RtosManager:555 - Registered RTOS mode: class=RTOS, group=ThreadX, mode=Core, owner=THREADX
2025-01-05 17:06:37,521 [INFO] ThirdPartyModel:298 - Start build external matchings
2025-01-05 17:06:38,130 [INFO] ThirdPartyModel:316 - End build external matchings
2025-01-05 17:06:38,158 [INFO] RtosManager:922 - Current active RTOS is THREADX [CortexM33]
2025-01-05 17:06:38,161 [WARN] IP:2251 - TX_ENABLE_RANDOM_NUMBER_STACK_FILLING not found: check if there is a RefParameter without a condition.
2025-01-05 17:06:38,162 [WARN] IP:2251 - TX_APP_CREATION not found: check if there is a RefParameter without a condition.
2025-01-05 17:06:38,162 [WARN] IP:2251 - TX_APP_THREAD_ENTRY not found: check if there is a RefParameter without a condition.
2025-01-05 17:06:38,162 [WARN] IP:2251 - TX_APP_THREAD_NAME not found: check if there is a RefParameter without a condition.
2025-01-05 17:06:38,162 [WARN] IP:2251 - TX_APP_THREAD_PRIO not found: check if there is a RefParameter without a condition.
2025-01-05 17:06:38,162 [WARN] IP:2251 - TX_APP_STACK_SIZE not found: check if there is a RefParameter without a condition.
2025-01-05 17:06:38,162 [WARN] IP:2251 - TX_APP_SEM_CREATION not found: check if there is a RefParameter without a condition.
2025-01-05 17:06:38,163 [WARN] IP:2251 - TX_SEMAPHORE_NAME not found: check if there is a RefParameter without a condition.
2025-01-05 17:06:38,163 [WARN] IP:2251 - TX_SEMAPHORE_COUNT not found: check if there is a RefParameter without a condition.
2025-01-05 17:06:38,163 [WARN] IP:2251 - TX_APP_MUTEX_CREATION not found: check if there is a RefParameter without a condition.
2025-01-05 17:06:38,163 [WARN] IP:2251 - TX_MUTEX_NAME not found: check if there is a RefParameter without a condition.
2025-01-05 17:06:38,163 [WARN] IP:2251 - TX_MUTEX_INHERITANCE not found: check if there is a RefParameter without a condition.
2025-01-05 17:06:38,163 [WARN] IP:2251 - TX_APP_MSG_QUEUE_CREATION not found: check if there is a RefParameter without a condition.
2025-01-05 17:06:38,163 [WARN] IP:2251 - TX_MSG_QUEUE_NAME not found: check if there is a RefParameter without a condition.
2025-01-05 17:06:38,163 [WARN] IP:2251 - TX_MSG_SIZE_WORDS not found: check if there is a RefParameter without a condition.
2025-01-05 17:06:38,163 [WARN] IP:2251 - TX_NB_MSG not found: check if there is a RefParameter without a condition.
2025-01-05 17:06:38,164 [WARN] IP:2251 - TX_BASEPRI_VALUE not found: check if there is a RefParameter without a condition.
2025-01-05 17:06:38,164 [WARN] IP:2251 - TX_PORT_BASEPRI_VALUE not found: check if there is a RefParameter without a condition.
2025-01-05 17:06:38,685 [INFO] ApiDb:581 - Connected to CubeFinder SQLite database (C:\Users\lagoeirl\.stmcufinder\plugins\mcufinder\mcu\cube-finder-db.db)
2025-01-05 17:06:38,765 [INFO] ApiDb:668 - CubeFinder database Data Model version=2.1
2025-01-05 17:06:38,766 [INFO] ApiDb:669 - CubeFinder database Configuration version=3.0.39
2025-01-05 17:06:38,767 [INFO] ApiDb:670 - CubeFinder database generation date=2024-12-10 (1733817889)
2025-01-05 17:06:38,767 [INFO] ApiDb:671 - CubeFinder database FW Pack versions=[FP-ATR-ASTRA1_V2.0.0, FP-SNS-FLIGHT1_V5.0.2, FP-SNS-MOTENV1_V5.0.0, FP-SNS-MOTENVWB1_V1.4.0, FP-SNS-SMARTAG2_V1.2.0, FP-SNS-STBOX1_V2.0.0, STM32Cube_FW_C0_V1.3.0, STM32Cube_FW_F4_V1.28.1, STM32Cube_FW_F7_V1.17.2, STM32Cube_FW_G0_V1.6.2, STM32Cube_FW_G4_V1.6.1, STM32Cube_FW_H5_V1.4.0, STM32Cube_FW_H7RS_V1.1.0, STM32Cube_FW_H7_V1.12.0, STM32Cube_FW_L0_V1.12.2, STM32Cube_FW_L4_V1.18.1, STM32Cube_FW_L5_V1.5.1, STM32Cube_FW_N6_V1.0.0, STM32Cube_FW_U0_V1.2.0, STM32Cube_FW_U3_V1.0.0, STM32Cube_FW_U5_V1.7.0, STM32Cube_FW_WB0_V1.1.0, STM32Cube_FW_WBA_V1.5.0, STM32Cube_FW_WB_V1.21.0, STM32Cube_FW_WL3_V1.0.0, STM32Cube_FW_WL_V1.3.0, X-CUBE-ALGOBUILD_V1.4.0, X-CUBE-ALS_V1.0.2, X-CUBE-AZRTOS-F4_V1.1.0, X-CUBE-AZRTOS-F7_V1.1.0, X-CUBE-AZRTOS-G0_V1.1.0, X-CUBE-AZRTOS-G4_V2.0.0, X-CUBE-AZRTOS-H7RS_V1.0.0, X-CUBE-AZRTOS-H7_V3.3.0, X-CUBE-AZRTOS-L4_V2.0.0, X-CUBE-AZRTOS-L5_V2.0.0, X-CUBE-AZRTOS-WB_V2.0.0, X-CUBE-AZRTOS-WL_V2.0.0, X-CUBE-BLE1_V7.0.0, X-CUBE-BLE2_V3.3.0, X-CUBE-BLEMGR_V3.1.0, X-CUBE-EEPRMA1_V5.1.0, X-CUBE-FREERTOS_V1.2.0, X-CUBE-GNSS1_V6.0.0, X-CUBE-MEMS1_V11.0.0, X-CUBE-NFC4_V3.0.0, X-CUBE-NFC7_V1.0.1, X-CUBE-SFXS2LP1_V4.0.0, X-CUBE-SUBG2_V5.0.0, X-CUBE-TOF1_V3.4.2]
2025-01-05 17:06:38,880 [INFO] DbBoardsSqlite:226 - include board P-NUCLEO-WB55-NUCLEO as a kit item of type 'Nucleo-64'
2025-01-05 17:06:38,880 [INFO] DbBoardsSqlite:226 - include board P-NUCLEO-WB55-USBDONGLE as a kit item of type 'Nucleo USB Dongle'
2025-01-05 17:06:38,881 [INFO] DbBoardsSqlite:226 - include board STEVAL-IDP005V1 as a kit item of type 'Evaluation Board'
2025-01-05 17:06:38,881 [INFO] DbBoardsSqlite:226 - include board STEVAL-IDP005V2 as a kit item of type 'Evaluation Board'
2025-01-05 17:06:39,164 [INFO] ApiDb:240 - Found 858 in-development CPN: [B-G473E-ZEST1S, B-WB1M-WPAN1, B-WBA5M-WPAN, B-WL5M-SUBG1, NUCLEO-C031C6, NUCLEO-C051C8, NUCLEO-C071RB, NUCLEO-C092RC, NUCLEO-H503RB, NUCLEO-H533RE, NUCLEO-H563ZI, NUCLEO-H7S3L8, NUCLEO-N657X0-Q, NUCLEO-U031R8, NUCLEO-U083RC, NUCLEO-U385RG-Q, NUCLEO-U545RE-Q, NUCLEO-U5A5ZJ-Q, NUCLEO-WB05KZ, NUCLEO-WB07CC, NUCLEO-WB09KE, NUCLEO-WBA52CG, NUCLEO-WBA55CG, NUCLEO-WL33CC1, NUCLEO-WL33CC2, STEVAL-PROTEUS1, STEVAL-SMARTAG2, STEVAL-STWINBX1, STM320518-EVAL, STM32C0116-DK, STM32C011D6Y3TR, STM32C011D6Y6TR, STM32C011F4P3, STM32C011F4P6, STM32C011F4U3, STM32C011F4U6TR, STM32C011F6P3, STM32C011F6P6, STM32C011F6U3, STM32C011F6U6TR, STM32C011J4M3, STM32C011J4M6, STM32C011J6M3, STM32C011J6M6, STM32C0316-DK, STM32C031C4T3, STM32C031C4T6, STM32C031C4U3, STM32C031C4U6, STM32C031C6T3, STM32C031C6T6, STM32C031C6U3, STM32C031C6U6, STM32C031F4P3, STM32C031F4P6, STM32C031F6P3, STM32C031F6P6, STM32C031G4U3, STM32C031G4U6, STM32C031G6U3, STM32C031G6U6, STM32C031K4T3, STM32C031K4T6, STM32C031K4U3, STM32C031K4U6, STM32C031K6T3, STM32C031K6T6, STM32C031K6U3, STM32C031K6U6, STM32C051C6T6, STM32C051C6U6, STM32C051C8T6, STM32C051C8U6, STM32C051D8Y6TR, STM32C051F6P6, STM32C051F8P6, STM32C051G6U6, STM32C051G8U6, STM32C051K6T6, STM32C051K6U6, STM32C051K8T6, STM32C071C8T6, STM32C071C8T6N, STM32C071C8U6, STM32C071C8U6N, STM32C071CBT6, STM32C071CBT6N, STM32C071CBU6, STM32C071CBU6N, STM32C071F8P6, STM32C071F8P6N, STM32C071FBP6, STM32C071FBP6N, STM32C071FBY6TR, STM32C071G8U6, STM32C071G8U6N, STM32C071GBU6, STM32C071GBU6N, STM32C071K8T6, STM32C071K8T6N, STM32C071K8U6, STM32C071K8U6N, STM32C071KBT6, STM32C071KBT6N, STM32C071KBU6, STM32C071KBU6N, STM32C071R8T6, STM32C071R8T6N, STM32C071RBI6N, STM32C071RBT6, STM32C071RBT6N, STM32C091CBT6, STM32C091CBU6, STM32C091CCT6, STM32C091CCU6, STM32C091ECY6TR, STM32C091FBP6, STM32C091FCP6, STM32C091GBU6, STM32C091GCU6, STM32C091KBT6, STM32C091KBU6, STM32C091KCT6, STM32C091KCU6, STM32C091RBT6, STM32C091RCI6, STM32C091RCT6, STM32C092CBT6, STM32C092CBU6, STM32C092CCT6, STM32C092CCU6, STM32C092ECY6TR, STM32C092FBP6, STM32C092FCP6, STM32C092GBU6, STM32C092GCU6, STM32C092KBT6, STM32C092KBU6, STM32C092KCT6, STM32C092KCU6, STM32C092RBT6, STM32C092RCI6, STM32C092RCT6, STM32G071K8TXN, STM32G071K8UXN, STM32G081GBU6N, STM32G081KBT6N, STM32G081KBUXN, STM32G0B1CCT6N, STM32G0B1KCT6, STM32G0B1NEY6TR, STM32G0B1RCT6N, STM32G0C1CCT6, STM32G0C1CCT6N, STM32G0C1CCU6N, STM32G0C1CET6N, STM32G0C1CEU6N, STM32G0C1KCT6, STM32G0C1NEY6TR, STM32G0C1RCI6N, STM32G0C1RCT6N, STM32G0C1REI6N, STM32G0C1RET6N, STM32G0C1VCI6, STM32G0C1VEI6, STM32G411C6T3, STM32G411C6T6, STM32G411C6U3, STM32G411C6U6, STM32G411C8T3, STM32G411C8T6, STM32G411C8U3, STM32G411C8U6, STM32G411CBT3, STM32G411CBT6, STM32G411CBU3, STM32G411CBU6, STM32G411CCT3, STM32G411CCT6, STM32G411CCU3, STM32G411CCU6, STM32G411K6T3, STM32G411K6T6, STM32G411K6U3, STM32G411K6U6, STM32G411K8T3, STM32G411K8T6, STM32G411K8U3, STM32G411K8U6, STM32G411KBT3, STM32G411KBT6, STM32G411KBU3, STM32G411KBU6, STM32G411M6T3, STM32G411M6T6, STM32G411M8T3, STM32G411M8T6, STM32G411MBT3, STM32G411MBT6, STM32G411MCT3, STM32G411MCT6, STM32G411R6T3, STM32G411R6T6, STM32G411R8T3, STM32G411R8T6, STM32G411RBT3, STM32G411RBT6, STM32G411RCT3, STM32G411RCT6, STM32G414CBT3, STM32G414CBT6, STM32G414CBU3, STM32G414CBU6, STM32G414CCT3, STM32G414CCT6, STM32G414CCU3, STM32G414CCU6, STM32G414MBT3, STM32G414MBT6, STM32G414MCT3, STM32G414MCT6, STM32G414RBT3, STM32G414RBT6, STM32G414RCT3, STM32G414RCT6, STM32G414VBT3, STM32G414VBT6, STM32G414VCT3, STM32G414VCT6, STM32G431CBT3Z, STM32G431RBT3Z, STM32G471CCT6, STM32G471CCU6, STM32G471CET3, STM32G471CET6, STM32G471CEU3, STM32G471CEU6, STM32G471MCT6, STM32G471MET3, STM32G471MET6, STM32G471MEY6TR, STM32G471QCT6, STM32G471QET3, STM32G471RCT6, STM32G471RET3, STM32G471RET6, STM32G471VCH6, STM32G471VCI6, STM32G471VCT6, STM32G471VEH3, STM32G471VEH6, STM32G471VEI3, STM32G471VEI6, STM32G471VET3, STM32G471VET6, STM32G473QET3Z, STM32G473RET3Z, STM32G474CCT6, STM32G491RET3Z, STM32H503CBT6, STM32H503CBU6, STM32H503EBY6TR, STM32H503KBU6, STM32H503RBT6, STM32H523CCT6, STM32H523CCU6, STM32H523CET6, STM32H523CEU6, STM32H523HEY6TR, STM32H523RCT6, STM32H523RET6, STM32H523VCI6, STM32H523VCT6, STM32H523VEI6, STM32H523VET6, STM32H523ZCJ6, STM32H523ZCT6, STM32H523ZEJ6, STM32H523ZET6, STM32H533CET6, STM32H533CEU6, STM32H533HEY6TR, STM32H533RET6, STM32H533VEI6, STM32H533VET6, STM32H533ZEJ6, STM32H533ZET6, STM32H562AGI6, STM32H562AII6, STM32H562IGK6, STM32H562IGT6, STM32H562IIK6, STM32H562IIT6, STM32H562RGT6, STM32H562RGV6, STM32H562RIT6, STM32H562RIV6, STM32H562VGT6, STM32H562VIT6, STM32H562ZGT6, STM32H562ZIT6, STM32H563AGI6, STM32H563AII3Q, STM32H563AII6, STM32H563IGK6, STM32H563IGT6, STM32H563IIK3Q, STM32H563IIK6, STM32H563IIT3Q, STM32H563IIT6, STM32H563MIY3QTR, STM32H563RGT6, STM32H563RGV6, STM32H563RIT6, STM32H563RIV6, STM32H563VGT6, STM32H563VIT3Q, STM32H563VIT6, STM32H563ZGT6, STM32H563ZIT3Q, STM32H563ZIT6, STM32H573AII3Q, STM32H573AII6, STM32H573I-DK, STM32H573IIK3Q, STM32H573IIK6, STM32H573IIT3Q, STM32H573IIT6, STM32H573MIY3QTR, STM32H573RIT6, STM32H573RIV6, STM32H573VIT3Q, STM32H573VIT6, STM32H573ZIT3Q, STM32H573ZIT6, STM32H7R3A8I6, STM32H7R3I8K6, STM32H7R3I8T6, STM32H7R3L8H6, STM32H7R3L8H6H, STM32H7R3R8V6, STM32H7R3V8H6, STM32H7R3V8T6, STM32H7R3V8Y6TR, STM32H7R3Z8J6, STM32H7R3Z8T6, STM32H7R7A8I6, STM32H7R7I8K6, STM32H7R7I8T6, STM32H7R7L8H6, STM32H7R7L8H6H, STM32H7R7Z8J6, STM32H7S3A8I6, STM32H7S3I8K6, STM32H7S3I8T6, STM32H7S3L8H6, STM32H7S3L8H6H, STM32H7S3R8V6, STM32H7S3V8H6, STM32H7S3V8T6, STM32H7S3V8Y6TR, STM32H7S3Z8J6, STM32H7S3Z8T6, STM32H7S78-DK, STM32H7S7A8I6, STM32H7S7I8K6, STM32H7S7I8T6, STM32H7S7L8H6, STM32H7S7L8H6H, STM32H7S7Z8J6, STM32L4R5QGI6STR, STM32MP131AAE3, STM32MP131AAF3, STM32MP131AAG3, STM32MP131CAE3, STM32MP131CAF3, STM32MP131CAG3, STM32MP131DAE7, STM32MP131DAF7, STM32MP131DAG7, STM32MP131FAE7, STM32MP131FAF7, STM32MP131FAG7, STM32MP133AAE3, STM32MP133AAF3, STM32MP133AAG3, STM32MP133CAE3, STM32MP133CAF3, STM32MP133CAG3, STM32MP133DAE7, STM32MP133DAF7, STM32MP133DAG7, STM32MP133FAE7, STM32MP133FAF7, STM32MP133FAG7, STM32MP135AAE3, STM32MP135AAF3, STM32MP135AAG3, STM32MP135CAE3, STM32MP135CAF3, STM32MP135CAG3, STM32MP135DAE7, STM32MP135DAF7, STM32MP135DAG7, STM32MP135F-DK, STM32MP135FAE7, STM32MP135FAF7, STM32MP135FAF7T, STM32MP135FAF7U, STM32MP135FAG7, STM32MP231AAJ3, STM32MP231AAK3, STM32MP231AAL3, STM32MP231CAJ3, STM32MP231CAK3, STM32MP231CAL3, STM32MP231DAJ3, STM32MP231DAK3, STM32MP231DAL3, STM32MP231FAJ3, STM32MP231FAK3, STM32MP231FAL3, STM32MP233AAJ3, STM32MP233AAK3, STM32MP233AAL3, STM32MP233CAJ3, STM32MP233CAK3, STM32MP233CAL3, STM32MP233DAJ3, STM32MP233DAK3, STM32MP233DAL3, STM32MP233FAJ3, STM32MP233FAK3, STM32MP233FAL3, STM32MP235AAJ3, STM32MP235AAK3, STM32MP235AAL3, STM32MP235CAJ3, STM32MP235CAK3, STM32MP235CAL3, STM32MP235DAJ3, STM32MP235DAK3, STM32MP235DAL3, STM32MP235FAJ3, STM32MP235FAK3, STM32MP235FAL3, STM32MP251AAI3, STM32MP251AAJ3, STM32MP251AAK3, STM32MP251AAL3, STM32MP251CAI3, STM32MP251CAJ3, STM32MP251CAK3, STM32MP251CAL3, STM32MP251DAI3, STM32MP251DAJ3, STM32MP251DAK3, STM32MP251DAL3, STM32MP251FAI3, STM32MP251FAJ3, STM32MP251FAK3, STM32MP251FAL3, STM32MP253AAI3, STM32MP253AAJ3, STM32MP253AAK3, STM32MP253AAL3, STM32MP253CAI3, STM32MP253CAJ3, STM32MP253CAK3, STM32MP253CAL3, STM32MP253DAI3, STM32MP253DAJ3, STM32MP253DAK3, STM32MP253DAL3, STM32MP253FAI3, STM32MP253FAJ3, STM32MP253FAK3, STM32MP253FAL3, STM32MP255AAI3, STM32MP255AAJ3, STM32MP255AAK3, STM32MP255AAL3, STM32MP255CAI3, STM32MP255CAJ3, STM32MP255CAK3, STM32MP255CAL3, STM32MP255DAI3, STM32MP255DAJ3, STM32MP255DAK3, STM32MP255DAL3, STM32MP255FAI3, STM32MP255FAJ3, STM32MP255FAK3, STM32MP255FAL3, STM32MP257AAI3, STM32MP257AAJ3, STM32MP257AAK3, STM32MP257AAL3, STM32MP257CAI3, STM32MP257CAJ3, STM32MP257CAK3, STM32MP257CAL3, STM32MP257DAI3, STM32MP257DAJ3, STM32MP257DAK3, STM32MP257DAL3, STM32MP257F-DK, STM32MP257F-EV1, STM32MP257FAI3, STM32MP257FAJ3, STM32MP257FAK3, STM32MP257FAL3, STM32N645A0H3Q, STM32N645B0H3Q, STM32N645I0H3Q, STM32N645L0H3Q, STM32N645X0H3Q, STM32N645Z0H3Q, STM32N647A0H3Q, STM32N647B0H3Q, STM32N647I0H3Q, STM32N647L0H3Q, STM32N647X0H3Q, STM32N647Z0H3Q, STM32N655A0H3Q, STM32N655B0H3Q, STM32N655I0H3Q, STM32N655L0H3Q, STM32N655X0H3Q, STM32N655Z0H3Q, STM32N6570-DK, STM32N657A0H3Q, STM32N657B0H3Q, STM32N657I0H3Q, STM32N657L0H3Q, STM32N657X0H3Q, STM32N657Z0H3Q, STM32U031C6T6, STM32U031C6U6, STM32U031C8T6, STM32U031C8U6, STM32U031F4P6, STM32U031F6P6, STM32U031F8P6, STM32U031G6Y6TR, STM32U031G8Y6TR, STM32U031K4U6, STM32U031K6U6, STM32U031K8U6, STM32U031R6I6, STM32U031R6T6, STM32U031R8I6, STM32U031R8T6, STM32U073C8T6, STM32U073C8U6, STM32U073CBT6, STM32U073CBU6, STM32U073CCT6, STM32U073CCU6, STM32U073H8Y6TR, STM32U073HBY6TR, STM32U073HCY6TR, STM32U073K8U6, STM32U073KBU6, STM32U073KCU6, STM32U073M8I6, STM32U073M8T6, STM32U073MBI6, STM32U073MBT6, STM32U073MCI6, STM32U073MCT6, STM32U073R8I6, STM32U073R8T6, STM32U073RBI6, STM32U073RBT6, STM32U073RCI6, STM32U073RCT6, STM32U083C-DK, STM32U083CCT6, STM32U083CCU6, STM32U083HCY6TR, STM32U083KCU6, STM32U083MCI6, STM32U083MCT6, STM32U083RCI6, STM32U083RCT6, STM32U375CET6, STM32U375CET6Q, STM32U375CEU6, STM32U375CEU6Q, STM32U375CEY6QTR, STM32U375CGT6, STM32U375CGT6Q, STM32U375CGU6, STM32U375CGU6Q, STM32U375CGY6QTR, STM32U375KEU6, STM32U375KGU6, STM32U375REI6, STM32U375REI6Q, STM32U375RET6, STM32U375RET6Q, STM32U375REY6GTR, STM32U375REY6QTR, STM32U375RGI6, STM32U375RGI6Q, STM32U375RGT6, STM32U375RGT6Q, STM32U375RGY6GTR, STM32U375RGY6QTR, STM32U375VEI6, STM32U375VEI6Q, STM32U375VET6, STM32U375VET6Q, STM32U375VGI6, STM32U375VGI6Q, STM32U375VGT6, STM32U375VGT6Q, STM32U385CGT6, STM32U385CGT6Q, STM32U385CGU6, STM32U385CGU6Q, STM32U385CGY6QTR, STM32U385KGU6, STM32U385RGI6, STM32U385RGI6Q, STM32U385RGT6, STM32U385RGT6Q, STM32U385RGY6GTR, STM32U385RGY6QTR, STM32U385VGI6, STM32U385VGI6Q, STM32U385VGT6, STM32U385VGT6Q, STM32U535CBT6, STM32U535CBT6Q, STM32U535CBU6, STM32U535CBU6Q, STM32U535CCT6, STM32U535CCT6Q, STM32U535CCU6, STM32U535CCU6Q, STM32U535CET6, STM32U535CET6Q, STM32U535CEU6, STM32U535CEU6Q, STM32U535JEY6QTR, STM32U535NCY6QTR, STM32U535NEY6QTR, STM32U535RBI6, STM32U535RBI6Q, STM32U535RBT6, STM32U535RBT6Q, STM32U535RCI6, STM32U535RCI6Q, STM32U535RCT6, STM32U535RCT6Q, STM32U535REI6, STM32U535REI6Q, STM32U535RET6, STM32U535RET6Q, STM32U535VCI6, STM32U535VCI6Q, STM32U535VCT6, STM32U535VCT6Q, STM32U535VEI6, STM32U535VEI6Q, STM32U535VET6, STM32U535VET6Q, STM32U545CET6, STM32U545CET6Q, STM32U545CEU6, STM32U545CEU6Q, STM32U545JEY6QTR, STM32U545NEY6QTR, STM32U545REI6, STM32U545REI6Q, STM32U545RET6, STM32U545RET6Q, STM32U545VEI6, STM32U545VEI6Q, STM32U545VET6, STM32U545VET6Q, STM32U595AIH6, STM32U595AIH6Q, STM32U595AJH6, STM32U595AJH6Q, STM32U595QII6, STM32U595QII6Q, STM32U595QJI6, STM32U595QJI6Q, STM32U595RIT6, STM32U595RIT6Q, STM32U595RJT6, STM32U595RJT6Q, STM32U595VIT6, STM32U595VIT6Q, STM32U595VJT6, STM32U595VJT6Q, STM32U595ZIT6, STM32U595ZIT6Q, STM32U595ZIY6QTR, STM32U595ZJT6, STM32U595ZJT6Q, STM32U595ZJY6QTR, STM32U599BJY6QTR, STM32U599NIH6Q, STM32U599NJH6Q, STM32U599VIT6Q, STM32U599VJT6, STM32U599VJT6Q, STM32U599ZIT6Q, STM32U599ZIY6QTR, STM32U599ZJT6Q, STM32U599ZJY6QTR, STM32U5A5AJH6, STM32U5A5AJH6Q, STM32U5A5QII3Q , STM32U5A5QJI6, STM32U5A5QJI6Q, STM32U5A5RJT6, STM32U5A5RJT6Q, STM32U5A5VJT6, STM32U5A5VJT6Q, STM32U5A5ZJT6, STM32U5A5ZJT6Q, STM32U5A5ZJY6QTR, STM32U5A9BJY6QTR, STM32U5A9J-DK, STM32U5A9NJH6Q, STM32U5A9VJT6Q, STM32U5A9ZJT6Q, STM32U5A9ZJY6QTR, STM32U5F7VIT6, STM32U5F7VIT6Q, STM32U5F7VJT6, STM32U5F7VJT6Q, STM32U5F9BJY6QTR, STM32U5F9NJH6Q, STM32U5F9VIT6Q, STM32U5F9VJT6Q, STM32U5F9ZIJ6QTR, STM32U5F9ZIT6Q, STM32U5F9ZJJ6QTR, STM32U5F9ZJT6Q, STM32U5G7VJT6, STM32U5G7VJT6Q, STM32U5G9BJY6QTR, STM32U5G9J-DK1, STM32U5G9J-DK2, STM32U5G9NJH6Q, STM32U5G9VJT6Q, STM32U5G9ZJJ6QTR, STM32U5G9ZJT6Q, STM32WB05KZV6TR, STM32WB05KZV7TR, STM32WB05TZF6TR, STM32WB05TZF7TR, STM32WB06CCF6TR, STM32WB06CCF7TR, STM32WB06CCV6TR, STM32WB06CCV7TR, STM32WB06KCV6TR, STM32WB06KCV7TR, STM32WB07CCF6TR, STM32WB07CCF7TR, STM32WB07CCV6TR, STM32WB07CCV7TR, STM32WB07KCV6TR, STM32WB07KCV7TR, STM32WB09KEV6TR, STM32WB09KEV7TR, STM32WB09TEF6TR, STM32WB09TEF7TR, STM32WB1MMCH6, STM32WBA50KGU6, STM32WBA50KGU6TR, STM32WBA52CEU6, STM32WBA52CEU6TR, STM32WBA52CEU7, STM32WBA52CEU7TR, STM32WBA52CGU6, STM32WBA52CGU6TR, STM32WBA52CGU6U, STM32WBA52CGU7, STM32WBA52CGU7TR, STM32WBA52KEU6, STM32WBA52KEU6TR, STM32WBA52KGU6, STM32WBA52KGU6TR, STM32WBA54CEU6, STM32WBA54CEU6TR, STM32WBA54CEU7, STM32WBA54CEU7TR, STM32WBA54CGU6, STM32WBA54CGU6TR, STM32WBA54CGU7, STM32WBA54CGU7TR, STM32WBA54KEU6, STM32WBA54KEU6TR, STM32WBA54KEU7, STM32WBA54KEU7TR, STM32WBA54KGU6, STM32WBA54KGU6TR, STM32WBA54KGU7, STM32WBA54KGU7TR, STM32WBA55CEU6, STM32WBA55CEU6TR, STM32WBA55CEU7, STM32WBA55CEU7TR, STM32WBA55CGU6, STM32WBA55CGU6TR, STM32WBA55CGU6U, STM32WBA55CGU7, STM32WBA55CGU7TR, STM32WBA55G-DK1, STM32WBA55HEF6, STM32WBA55HEF7, STM32WBA55HGF6, STM32WBA55HGF7, STM32WBA55UEI6, STM32WBA55UEI6TR, STM32WBA55UEI7, STM32WBA55UEI7TR, STM32WBA55UGI6, STM32WBA55UGI6TR, STM32WBA55UGI7, STM32WBA55UGI7TR, STM32WBA5MJGH6TR, STM32WBA5MJGH6U, STM32WL33C8V6, STM32WL33C8V6TR, STM32WL33C8V7, STM32WL33C8V7TR, STM32WL33CBV6, STM32WL33CBV6TR, STM32WL33CBV7, STM32WL33CBV7TR, STM32WL33CCV6, STM32WL33CCV6TR, STM32WL33CCV7, STM32WL33CCV7A, STM32WL33CCV7ATR, STM32WL33CCV7TR, STM32WL33K8V6, STM32WL33K8V6TR, STM32WL33K8V7, STM32WL33K8V7TR, STM32WL33KBV6, STM32WL33KBV6TR, STM32WL33KBV7, STM32WL33KBV7TR, STM32WL33KCV6, STM32WL33KCV6TR, STM32WL33KCV7, STM32WL33KCV7TR, STM32WL5MOCH6, STM32WL5MOCH6TR]
2025-01-05 17:06:39,366 [INFO] BoardInfo:889 - No configuration file found for board P-NUCLEO-WB55
2025-01-05 17:06:39,367 [INFO] DbBoards:161 - Kit is not supported: P-NUCLEO-WB55
2025-01-05 17:06:39,374 [INFO] BoardInfo:889 - No configuration file found for board STEVAL-BFA001V1B
2025-01-05 17:06:39,376 [INFO] DbBoards:161 - Kit is not supported: STEVAL-BFA001V1B
2025-01-05 17:06:39,376 [INFO] BoardInfo:889 - No configuration file found for board STEVAL-BFA001V2B
2025-01-05 17:06:39,377 [INFO] DbBoards:161 - Kit is not supported: STEVAL-BFA001V2B
2025-01-05 17:06:39,577 [INFO] DbBoards:168 - Found 209 boards, 206 are supported
2025-01-05 17:06:39,578 [INFO] DbBoards:169 - Found 209 boards, 42 of them is supported for  Bsp
2025-01-05 17:06:39,583 [INFO] ApiDb:668 - CubeFinder database Data Model version=2.1
2025-01-05 17:06:39,583 [INFO] ApiDb:669 - CubeFinder database Configuration version=3.0.39
2025-01-05 17:06:39,583 [INFO] ApiDb:670 - CubeFinder database generation date=2024-12-10 (1733817889)
2025-01-05 17:06:39,583 [INFO] ApiDb:671 - CubeFinder database FW Pack versions=[FP-ATR-ASTRA1_V2.0.0, FP-SNS-FLIGHT1_V5.0.2, FP-SNS-MOTENV1_V5.0.0, FP-SNS-MOTENVWB1_V1.4.0, FP-SNS-SMARTAG2_V1.2.0, FP-SNS-STBOX1_V2.0.0, STM32Cube_FW_C0_V1.3.0, STM32Cube_FW_F4_V1.28.1, STM32Cube_FW_F7_V1.17.2, STM32Cube_FW_G0_V1.6.2, STM32Cube_FW_G4_V1.6.1, STM32Cube_FW_H5_V1.4.0, STM32Cube_FW_H7RS_V1.1.0, STM32Cube_FW_H7_V1.12.0, STM32Cube_FW_L0_V1.12.2, STM32Cube_FW_L4_V1.18.1, STM32Cube_FW_L5_V1.5.1, STM32Cube_FW_N6_V1.0.0, STM32Cube_FW_U0_V1.2.0, STM32Cube_FW_U3_V1.0.0, STM32Cube_FW_U5_V1.7.0, STM32Cube_FW_WB0_V1.1.0, STM32Cube_FW_WBA_V1.5.0, STM32Cube_FW_WB_V1.21.0, STM32Cube_FW_WL3_V1.0.0, STM32Cube_FW_WL_V1.3.0, X-CUBE-ALGOBUILD_V1.4.0, X-CUBE-ALS_V1.0.2, X-CUBE-AZRTOS-F4_V1.1.0, X-CUBE-AZRTOS-F7_V1.1.0, X-CUBE-AZRTOS-G0_V1.1.0, X-CUBE-AZRTOS-G4_V2.0.0, X-CUBE-AZRTOS-H7RS_V1.0.0, X-CUBE-AZRTOS-H7_V3.3.0, X-CUBE-AZRTOS-L4_V2.0.0, X-CUBE-AZRTOS-L5_V2.0.0, X-CUBE-AZRTOS-WB_V2.0.0, X-CUBE-AZRTOS-WL_V2.0.0, X-CUBE-BLE1_V7.0.0, X-CUBE-BLE2_V3.3.0, X-CUBE-BLEMGR_V3.1.0, X-CUBE-EEPRMA1_V5.1.0, X-CUBE-FREERTOS_V1.2.0, X-CUBE-GNSS1_V6.0.0, X-CUBE-MEMS1_V11.0.0, X-CUBE-NFC4_V3.0.0, X-CUBE-NFC7_V1.0.1, X-CUBE-SFXS2LP1_V4.0.0, X-CUBE-SUBG2_V5.0.0, X-CUBE-TOF1_V3.4.2]
2025-01-05 17:06:41,294 [INFO] ApiDb:240 - Found 858 in-development CPN: [B-G473E-ZEST1S, B-WB1M-WPAN1, B-WBA5M-WPAN, B-WL5M-SUBG1, NUCLEO-C031C6, NUCLEO-C051C8, NUCLEO-C071RB, NUCLEO-C092RC, NUCLEO-H503RB, NUCLEO-H533RE, NUCLEO-H563ZI, NUCLEO-H7S3L8, NUCLEO-N657X0-Q, NUCLEO-U031R8, NUCLEO-U083RC, NUCLEO-U385RG-Q, NUCLEO-U545RE-Q, NUCLEO-U5A5ZJ-Q, NUCLEO-WB05KZ, NUCLEO-WB07CC, NUCLEO-WB09KE, NUCLEO-WBA52CG, NUCLEO-WBA55CG, NUCLEO-WL33CC1, NUCLEO-WL33CC2, STEVAL-PROTEUS1, STEVAL-SMARTAG2, STEVAL-STWINBX1, STM320518-EVAL, STM32C0116-DK, STM32C011D6Y3TR, STM32C011D6Y6TR, STM32C011F4P3, STM32C011F4P6, STM32C011F4U3, STM32C011F4U6TR, STM32C011F6P3, STM32C011F6P6, STM32C011F6U3, STM32C011F6U6TR, STM32C011J4M3, STM32C011J4M6, STM32C011J6M3, STM32C011J6M6, STM32C0316-DK, STM32C031C4T3, STM32C031C4T6, STM32C031C4U3, STM32C031C4U6, STM32C031C6T3, STM32C031C6T6, STM32C031C6U3, STM32C031C6U6, STM32C031F4P3, STM32C031F4P6, STM32C031F6P3, STM32C031F6P6, STM32C031G4U3, STM32C031G4U6, STM32C031G6U3, STM32C031G6U6, STM32C031K4T3, STM32C031K4T6, STM32C031K4U3, STM32C031K4U6, STM32C031K6T3, STM32C031K6T6, STM32C031K6U3, STM32C031K6U6, STM32C051C6T6, STM32C051C6U6, STM32C051C8T6, STM32C051C8U6, STM32C051D8Y6TR, STM32C051F6P6, STM32C051F8P6, STM32C051G6U6, STM32C051G8U6, STM32C051K6T6, STM32C051K6U6, STM32C051K8T6, STM32C071C8T6, STM32C071C8T6N, STM32C071C8U6, STM32C071C8U6N, STM32C071CBT6, STM32C071CBT6N, STM32C071CBU6, STM32C071CBU6N, STM32C071F8P6, STM32C071F8P6N, STM32C071FBP6, STM32C071FBP6N, STM32C071FBY6TR, STM32C071G8U6, STM32C071G8U6N, STM32C071GBU6, STM32C071GBU6N, STM32C071K8T6, STM32C071K8T6N, STM32C071K8U6, STM32C071K8U6N, STM32C071KBT6, STM32C071KBT6N, STM32C071KBU6, STM32C071KBU6N, STM32C071R8T6, STM32C071R8T6N, STM32C071RBI6N, STM32C071RBT6, STM32C071RBT6N, STM32C091CBT6, STM32C091CBU6, STM32C091CCT6, STM32C091CCU6, STM32C091ECY6TR, STM32C091FBP6, STM32C091FCP6, STM32C091GBU6, STM32C091GCU6, STM32C091KBT6, STM32C091KBU6, STM32C091KCT6, STM32C091KCU6, STM32C091RBT6, STM32C091RCI6, STM32C091RCT6, STM32C092CBT6, STM32C092CBU6, STM32C092CCT6, STM32C092CCU6, STM32C092ECY6TR, STM32C092FBP6, STM32C092FCP6, STM32C092GBU6, STM32C092GCU6, STM32C092KBT6, STM32C092KBU6, STM32C092KCT6, STM32C092KCU6, STM32C092RBT6, STM32C092RCI6, STM32C092RCT6, STM32G071K8TXN, STM32G071K8UXN, STM32G081GBU6N, STM32G081KBT6N, STM32G081KBUXN, STM32G0B1CCT6N, STM32G0B1KCT6, STM32G0B1NEY6TR, STM32G0B1RCT6N, STM32G0C1CCT6, STM32G0C1CCT6N, STM32G0C1CCU6N, STM32G0C1CET6N, STM32G0C1CEU6N, STM32G0C1KCT6, STM32G0C1NEY6TR, STM32G0C1RCI6N, STM32G0C1RCT6N, STM32G0C1REI6N, STM32G0C1RET6N, STM32G0C1VCI6, STM32G0C1VEI6, STM32G411C6T3, STM32G411C6T6, STM32G411C6U3, STM32G411C6U6, STM32G411C8T3, STM32G411C8T6, STM32G411C8U3, STM32G411C8U6, STM32G411CBT3, STM32G411CBT6, STM32G411CBU3, STM32G411CBU6, STM32G411CCT3, STM32G411CCT6, STM32G411CCU3, STM32G411CCU6, STM32G411K6T3, STM32G411K6T6, STM32G411K6U3, STM32G411K6U6, STM32G411K8T3, STM32G411K8T6, STM32G411K8U3, STM32G411K8U6, STM32G411KBT3, STM32G411KBT6, STM32G411KBU3, STM32G411KBU6, STM32G411M6T3, STM32G411M6T6, STM32G411M8T3, STM32G411M8T6, STM32G411MBT3, STM32G411MBT6, STM32G411MCT3, STM32G411MCT6, STM32G411R6T3, STM32G411R6T6, STM32G411R8T3, STM32G411R8T6, STM32G411RBT3, STM32G411RBT6, STM32G411RCT3, STM32G411RCT6, STM32G414CBT3, STM32G414CBT6, STM32G414CBU3, STM32G414CBU6, STM32G414CCT3, STM32G414CCT6, STM32G414CCU3, STM32G414CCU6, STM32G414MBT3, STM32G414MBT6, STM32G414MCT3, STM32G414MCT6, STM32G414RBT3, STM32G414RBT6, STM32G414RCT3, STM32G414RCT6, STM32G414VBT3, STM32G414VBT6, STM32G414VCT3, STM32G414VCT6, STM32G431CBT3Z, STM32G431RBT3Z, STM32G471CCT6, STM32G471CCU6, STM32G471CET3, STM32G471CET6, STM32G471CEU3, STM32G471CEU6, STM32G471MCT6, STM32G471MET3, STM32G471MET6, STM32G471MEY6TR, STM32G471QCT6, STM32G471QET3, STM32G471RCT6, STM32G471RET3, STM32G471RET6, STM32G471VCH6, STM32G471VCI6, STM32G471VCT6, STM32G471VEH3, STM32G471VEH6, STM32G471VEI3, STM32G471VEI6, STM32G471VET3, STM32G471VET6, STM32G473QET3Z, STM32G473RET3Z, STM32G474CCT6, STM32G491RET3Z, STM32H503CBT6, STM32H503CBU6, STM32H503EBY6TR, STM32H503KBU6, STM32H503RBT6, STM32H523CCT6, STM32H523CCU6, STM32H523CET6, STM32H523CEU6, STM32H523HEY6TR, STM32H523RCT6, STM32H523RET6, STM32H523VCI6, STM32H523VCT6, STM32H523VEI6, STM32H523VET6, STM32H523ZCJ6, STM32H523ZCT6, STM32H523ZEJ6, STM32H523ZET6, STM32H533CET6, STM32H533CEU6, STM32H533HEY6TR, STM32H533RET6, STM32H533VEI6, STM32H533VET6, STM32H533ZEJ6, STM32H533ZET6, STM32H562AGI6, STM32H562AII6, STM32H562IGK6, STM32H562IGT6, STM32H562IIK6, STM32H562IIT6, STM32H562RGT6, STM32H562RGV6, STM32H562RIT6, STM32H562RIV6, STM32H562VGT6, STM32H562VIT6, STM32H562ZGT6, STM32H562ZIT6, STM32H563AGI6, STM32H563AII3Q, STM32H563AII6, STM32H563IGK6, STM32H563IGT6, STM32H563IIK3Q, STM32H563IIK6, STM32H563IIT3Q, STM32H563IIT6, STM32H563MIY3QTR, STM32H563RGT6, STM32H563RGV6, STM32H563RIT6, STM32H563RIV6, STM32H563VGT6, STM32H563VIT3Q, STM32H563VIT6, STM32H563ZGT6, STM32H563ZIT3Q, STM32H563ZIT6, STM32H573AII3Q, STM32H573AII6, STM32H573I-DK, STM32H573IIK3Q, STM32H573IIK6, STM32H573IIT3Q, STM32H573IIT6, STM32H573MIY3QTR, STM32H573RIT6, STM32H573RIV6, STM32H573VIT3Q, STM32H573VIT6, STM32H573ZIT3Q, STM32H573ZIT6, STM32H7R3A8I6, STM32H7R3I8K6, STM32H7R3I8T6, STM32H7R3L8H6, STM32H7R3L8H6H, STM32H7R3R8V6, STM32H7R3V8H6, STM32H7R3V8T6, STM32H7R3V8Y6TR, STM32H7R3Z8J6, STM32H7R3Z8T6, STM32H7R7A8I6, STM32H7R7I8K6, STM32H7R7I8T6, STM32H7R7L8H6, STM32H7R7L8H6H, STM32H7R7Z8J6, STM32H7S3A8I6, STM32H7S3I8K6, STM32H7S3I8T6, STM32H7S3L8H6, STM32H7S3L8H6H, STM32H7S3R8V6, STM32H7S3V8H6, STM32H7S3V8T6, STM32H7S3V8Y6TR, STM32H7S3Z8J6, STM32H7S3Z8T6, STM32H7S78-DK, STM32H7S7A8I6, STM32H7S7I8K6, STM32H7S7I8T6, STM32H7S7L8H6, STM32H7S7L8H6H, STM32H7S7Z8J6, STM32L4R5QGI6STR, STM32MP131AAE3, STM32MP131AAF3, STM32MP131AAG3, STM32MP131CAE3, STM32MP131CAF3, STM32MP131CAG3, STM32MP131DAE7, STM32MP131DAF7, STM32MP131DAG7, STM32MP131FAE7, STM32MP131FAF7, STM32MP131FAG7, STM32MP133AAE3, STM32MP133AAF3, STM32MP133AAG3, STM32MP133CAE3, STM32MP133CAF3, STM32MP133CAG3, STM32MP133DAE7, STM32MP133DAF7, STM32MP133DAG7, STM32MP133FAE7, STM32MP133FAF7, STM32MP133FAG7, STM32MP135AAE3, STM32MP135AAF3, STM32MP135AAG3, STM32MP135CAE3, STM32MP135CAF3, STM32MP135CAG3, STM32MP135DAE7, STM32MP135DAF7, STM32MP135DAG7, STM32MP135F-DK, STM32MP135FAE7, STM32MP135FAF7, STM32MP135FAF7T, STM32MP135FAF7U, STM32MP135FAG7, STM32MP231AAJ3, STM32MP231AAK3, STM32MP231AAL3, STM32MP231CAJ3, STM32MP231CAK3, STM32MP231CAL3, STM32MP231DAJ3, STM32MP231DAK3, STM32MP231DAL3, STM32MP231FAJ3, STM32MP231FAK3, STM32MP231FAL3, STM32MP233AAJ3, STM32MP233AAK3, STM32MP233AAL3, STM32MP233CAJ3, STM32MP233CAK3, STM32MP233CAL3, STM32MP233DAJ3, STM32MP233DAK3, STM32MP233DAL3, STM32MP233FAJ3, STM32MP233FAK3, STM32MP233FAL3, STM32MP235AAJ3, STM32MP235AAK3, STM32MP235AAL3, STM32MP235CAJ3, STM32MP235CAK3, STM32MP235CAL3, STM32MP235DAJ3, STM32MP235DAK3, STM32MP235DAL3, STM32MP235FAJ3, STM32MP235FAK3, STM32MP235FAL3, STM32MP251AAI3, STM32MP251AAJ3, STM32MP251AAK3, STM32MP251AAL3, STM32MP251CAI3, STM32MP251CAJ3, STM32MP251CAK3, STM32MP251CAL3, STM32MP251DAI3, STM32MP251DAJ3, STM32MP251DAK3, STM32MP251DAL3, STM32MP251FAI3, STM32MP251FAJ3, STM32MP251FAK3, STM32MP251FAL3, STM32MP253AAI3, STM32MP253AAJ3, STM32MP253AAK3, STM32MP253AAL3, STM32MP253CAI3, STM32MP253CAJ3, STM32MP253CAK3, STM32MP253CAL3, STM32MP253DAI3, STM32MP253DAJ3, STM32MP253DAK3, STM32MP253DAL3, STM32MP253FAI3, STM32MP253FAJ3, STM32MP253FAK3, STM32MP253FAL3, STM32MP255AAI3, STM32MP255AAJ3, STM32MP255AAK3, STM32MP255AAL3, STM32MP255CAI3, STM32MP255CAJ3, STM32MP255CAK3, STM32MP255CAL3, STM32MP255DAI3, STM32MP255DAJ3, STM32MP255DAK3, STM32MP255DAL3, STM32MP255FAI3, STM32MP255FAJ3, STM32MP255FAK3, STM32MP255FAL3, STM32MP257AAI3, STM32MP257AAJ3, STM32MP257AAK3, STM32MP257AAL3, STM32MP257CAI3, STM32MP257CAJ3, STM32MP257CAK3, STM32MP257CAL3, STM32MP257DAI3, STM32MP257DAJ3, STM32MP257DAK3, STM32MP257DAL3, STM32MP257F-DK, STM32MP257F-EV1, STM32MP257FAI3, STM32MP257FAJ3, STM32MP257FAK3, STM32MP257FAL3, STM32N645A0H3Q, STM32N645B0H3Q, STM32N645I0H3Q, STM32N645L0H3Q, STM32N645X0H3Q, STM32N645Z0H3Q, STM32N647A0H3Q, STM32N647B0H3Q, STM32N647I0H3Q, STM32N647L0H3Q, STM32N647X0H3Q, STM32N647Z0H3Q, STM32N655A0H3Q, STM32N655B0H3Q, STM32N655I0H3Q, STM32N655L0H3Q, STM32N655X0H3Q, STM32N655Z0H3Q, STM32N6570-DK, STM32N657A0H3Q, STM32N657B0H3Q, STM32N657I0H3Q, STM32N657L0H3Q, STM32N657X0H3Q, STM32N657Z0H3Q, STM32U031C6T6, STM32U031C6U6, STM32U031C8T6, STM32U031C8U6, STM32U031F4P6, STM32U031F6P6, STM32U031F8P6, STM32U031G6Y6TR, STM32U031G8Y6TR, STM32U031K4U6, STM32U031K6U6, STM32U031K8U6, STM32U031R6I6, STM32U031R6T6, STM32U031R8I6, STM32U031R8T6, STM32U073C8T6, STM32U073C8U6, STM32U073CBT6, STM32U073CBU6, STM32U073CCT6, STM32U073CCU6, STM32U073H8Y6TR, STM32U073HBY6TR, STM32U073HCY6TR, STM32U073K8U6, STM32U073KBU6, STM32U073KCU6, STM32U073M8I6, STM32U073M8T6, STM32U073MBI6, STM32U073MBT6, STM32U073MCI6, STM32U073MCT6, STM32U073R8I6, STM32U073R8T6, STM32U073RBI6, STM32U073RBT6, STM32U073RCI6, STM32U073RCT6, STM32U083C-DK, STM32U083CCT6, STM32U083CCU6, STM32U083HCY6TR, STM32U083KCU6, STM32U083MCI6, STM32U083MCT6, STM32U083RCI6, STM32U083RCT6, STM32U375CET6, STM32U375CET6Q, STM32U375CEU6, STM32U375CEU6Q, STM32U375CEY6QTR, STM32U375CGT6, STM32U375CGT6Q, STM32U375CGU6, STM32U375CGU6Q, STM32U375CGY6QTR, STM32U375KEU6, STM32U375KGU6, STM32U375REI6, STM32U375REI6Q, STM32U375RET6, STM32U375RET6Q, STM32U375REY6GTR, STM32U375REY6QTR, STM32U375RGI6, STM32U375RGI6Q, STM32U375RGT6, STM32U375RGT6Q, STM32U375RGY6GTR, STM32U375RGY6QTR, STM32U375VEI6, STM32U375VEI6Q, STM32U375VET6, STM32U375VET6Q, STM32U375VGI6, STM32U375VGI6Q, STM32U375VGT6, STM32U375VGT6Q, STM32U385CGT6, STM32U385CGT6Q, STM32U385CGU6, STM32U385CGU6Q, STM32U385CGY6QTR, STM32U385KGU6, STM32U385RGI6, STM32U385RGI6Q, STM32U385RGT6, STM32U385RGT6Q, STM32U385RGY6GTR, STM32U385RGY6QTR, STM32U385VGI6, STM32U385VGI6Q, STM32U385VGT6, STM32U385VGT6Q, STM32U535CBT6, STM32U535CBT6Q, STM32U535CBU6, STM32U535CBU6Q, STM32U535CCT6, STM32U535CCT6Q, STM32U535CCU6, STM32U535CCU6Q, STM32U535CET6, STM32U535CET6Q, STM32U535CEU6, STM32U535CEU6Q, STM32U535JEY6QTR, STM32U535NCY6QTR, STM32U535NEY6QTR, STM32U535RBI6, STM32U535RBI6Q, STM32U535RBT6, STM32U535RBT6Q, STM32U535RCI6, STM32U535RCI6Q, STM32U535RCT6, STM32U535RCT6Q, STM32U535REI6, STM32U535REI6Q, STM32U535RET6, STM32U535RET6Q, STM32U535VCI6, STM32U535VCI6Q, STM32U535VCT6, STM32U535VCT6Q, STM32U535VEI6, STM32U535VEI6Q, STM32U535VET6, STM32U535VET6Q, STM32U545CET6, STM32U545CET6Q, STM32U545CEU6, STM32U545CEU6Q, STM32U545JEY6QTR, STM32U545NEY6QTR, STM32U545REI6, STM32U545REI6Q, STM32U545RET6, STM32U545RET6Q, STM32U545VEI6, STM32U545VEI6Q, STM32U545VET6, STM32U545VET6Q, STM32U595AIH6, STM32U595AIH6Q, STM32U595AJH6, STM32U595AJH6Q, STM32U595QII6, STM32U595QII6Q, STM32U595QJI6, STM32U595QJI6Q, STM32U595RIT6, STM32U595RIT6Q, STM32U595RJT6, STM32U595RJT6Q, STM32U595VIT6, STM32U595VIT6Q, STM32U595VJT6, STM32U595VJT6Q, STM32U595ZIT6, STM32U595ZIT6Q, STM32U595ZIY6QTR, STM32U595ZJT6, STM32U595ZJT6Q, STM32U595ZJY6QTR, STM32U599BJY6QTR, STM32U599NIH6Q, STM32U599NJH6Q, STM32U599VIT6Q, STM32U599VJT6, STM32U599VJT6Q, STM32U599ZIT6Q, STM32U599ZIY6QTR, STM32U599ZJT6Q, STM32U599ZJY6QTR, STM32U5A5AJH6, STM32U5A5AJH6Q, STM32U5A5QII3Q , STM32U5A5QJI6, STM32U5A5QJI6Q, STM32U5A5RJT6, STM32U5A5RJT6Q, STM32U5A5VJT6, STM32U5A5VJT6Q, STM32U5A5ZJT6, STM32U5A5ZJT6Q, STM32U5A5ZJY6QTR, STM32U5A9BJY6QTR, STM32U5A9J-DK, STM32U5A9NJH6Q, STM32U5A9VJT6Q, STM32U5A9ZJT6Q, STM32U5A9ZJY6QTR, STM32U5F7VIT6, STM32U5F7VIT6Q, STM32U5F7VJT6, STM32U5F7VJT6Q, STM32U5F9BJY6QTR, STM32U5F9NJH6Q, STM32U5F9VIT6Q, STM32U5F9VJT6Q, STM32U5F9ZIJ6QTR, STM32U5F9ZIT6Q, STM32U5F9ZJJ6QTR, STM32U5F9ZJT6Q, STM32U5G7VJT6, STM32U5G7VJT6Q, STM32U5G9BJY6QTR, STM32U5G9J-DK1, STM32U5G9J-DK2, STM32U5G9NJH6Q, STM32U5G9VJT6Q, STM32U5G9ZJJ6QTR, STM32U5G9ZJT6Q, STM32WB05KZV6TR, STM32WB05KZV7TR, STM32WB05TZF6TR, STM32WB05TZF7TR, STM32WB06CCF6TR, STM32WB06CCF7TR, STM32WB06CCV6TR, STM32WB06CCV7TR, STM32WB06KCV6TR, STM32WB06KCV7TR, STM32WB07CCF6TR, STM32WB07CCF7TR, STM32WB07CCV6TR, STM32WB07CCV7TR, STM32WB07KCV6TR, STM32WB07KCV7TR, STM32WB09KEV6TR, STM32WB09KEV7TR, STM32WB09TEF6TR, STM32WB09TEF7TR, STM32WB1MMCH6, STM32WBA50KGU6, STM32WBA50KGU6TR, STM32WBA52CEU6, STM32WBA52CEU6TR, STM32WBA52CEU7, STM32WBA52CEU7TR, STM32WBA52CGU6, STM32WBA52CGU6TR, STM32WBA52CGU6U, STM32WBA52CGU7, STM32WBA52CGU7TR, STM32WBA52KEU6, STM32WBA52KEU6TR, STM32WBA52KGU6, STM32WBA52KGU6TR, STM32WBA54CEU6, STM32WBA54CEU6TR, STM32WBA54CEU7, STM32WBA54CEU7TR, STM32WBA54CGU6, STM32WBA54CGU6TR, STM32WBA54CGU7, STM32WBA54CGU7TR, STM32WBA54KEU6, STM32WBA54KEU6TR, STM32WBA54KEU7, STM32WBA54KEU7TR, STM32WBA54KGU6, STM32WBA54KGU6TR, STM32WBA54KGU7, STM32WBA54KGU7TR, STM32WBA55CEU6, STM32WBA55CEU6TR, STM32WBA55CEU7, STM32WBA55CEU7TR, STM32WBA55CGU6, STM32WBA55CGU6TR, STM32WBA55CGU6U, STM32WBA55CGU7, STM32WBA55CGU7TR, STM32WBA55G-DK1, STM32WBA55HEF6, STM32WBA55HEF7, STM32WBA55HGF6, STM32WBA55HGF7, STM32WBA55UEI6, STM32WBA55UEI6TR, STM32WBA55UEI7, STM32WBA55UEI7TR, STM32WBA55UGI6, STM32WBA55UGI6TR, STM32WBA55UGI7, STM32WBA55UGI7TR, STM32WBA5MJGH6TR, STM32WBA5MJGH6U, STM32WL33C8V6, STM32WL33C8V6TR, STM32WL33C8V7, STM32WL33C8V7TR, STM32WL33CBV6, STM32WL33CBV6TR, STM32WL33CBV7, STM32WL33CBV7TR, STM32WL33CCV6, STM32WL33CCV6TR, STM32WL33CCV7, STM32WL33CCV7A, STM32WL33CCV7ATR, STM32WL33CCV7TR, STM32WL33K8V6, STM32WL33K8V6TR, STM32WL33K8V7, STM32WL33K8V7TR, STM32WL33KBV6, STM32WL33KBV6TR, STM32WL33KBV7, STM32WL33KBV7TR, STM32WL33KCV6, STM32WL33KCV6TR, STM32WL33KCV7, STM32WL33KCV7TR, STM32WL5MOCH6, STM32WL5MOCH6TR]
2025-01-05 17:06:41,299 [INFO] DbMcus:218 - Found 4545 MCUs, 4545 are supported
2025-01-05 17:06:41,301 [INFO] ApiDb:423 - Load user favorites file C:\Users\lagoeirl/.stm32cubeide/favorites.mcus.txt: 0 item(s)
2025-01-05 17:06:41,301 [INFO] ApiDb:427 - User favorites MCUs=[]
2025-01-05 17:06:41,301 [INFO] DbMcus:224 - Set 0 / 0 favorites MCUs
2025-01-05 17:06:41,646 [INFO] ApiDb:423 - Load user favorites file C:\Users\lagoeirl/.stm32cubeide/favorites.boards.txt: 1 item(s)
2025-01-05 17:06:41,646 [INFO] ApiDb:427 - User favorites Boards=[NUCLEO-G070RB]
2025-01-05 17:06:41,646 [INFO] DbBoards:198 - Set 1 / 1 favorites Boards
2025-01-05 17:06:41,721 [INFO] UtilMem:75 - End LoadConfig() Used Memory: 360421576 Bytes (662700032)
2025-01-05 17:06:41,933 [WARN] ThirdParty:833 - waiting for thirdparty lock release [change project]
2025-01-05 17:06:41,933 [INFO] ThirdParty:835 - entering critical section [change project]
2025-01-05 17:06:41,934 [INFO] ThirdParty:1030 - CMSIS Pack Vendor :STMicroelectronics USBPD 4.1
2025-01-05 17:06:41,934 [INFO] ThirdParty:1030 - CMSIS Pack Vendor :STMicroelectronics X-CUBE-AZRTOS-H7 3.3.0
2025-01-05 17:06:41,934 [INFO] ThirdParty:1030 - CMSIS Pack Vendor :STMicroelectronics X-CUBE-NFC9 1.0.0
2025-01-05 17:06:41,934 [INFO] ThirdParty:1030 - CMSIS Pack Vendor :STMicroelectronics X-CUBE-GNSS1 6.0.0
2025-01-05 17:06:41,934 [INFO] ThirdParty:1030 - CMSIS Pack Vendor :STMicroelectronics USB_HOST 2.0.0
2025-01-05 17:06:41,934 [INFO] ThirdParty:1030 - CMSIS Pack Vendor :STMicroelectronics FP-SNS-MOTENVWB1 1.4.0
2025-01-05 17:06:41,934 [INFO] ThirdParty:1030 - CMSIS Pack Vendor :STMicroelectronics X-CUBE-AZRTOS-F4 1.1.0
2025-01-05 17:06:41,934 [INFO] ThirdParty:1030 - CMSIS Pack Vendor :STMicroelectronics LIBJPEG 8.0.0
2025-01-05 17:06:41,934 [INFO] ThirdParty:1030 - CMSIS Pack Vendor :STMicroelectronics FP-ATR-ASTRA1 2.0.1
2025-01-05 17:06:41,934 [INFO] ThirdParty:1030 - CMSIS Pack Vendor :STMicroelectronics X-CUBE-SMBUS 2.1.0
2025-01-05 17:06:41,934 [INFO] ThirdParty:1030 - CMSIS Pack Vendor :STMicroelectronics X-CUBE-WB05N 1.1.0
2025-01-05 17:06:41,934 [INFO] ThirdParty:1030 - CMSIS Pack Vendor :STMicroelectronics USB_DEVICE 3.0.0
2025-01-05 17:06:41,934 [INFO] ThirdParty:1030 - CMSIS Pack Vendor :STMicroelectronics X-CUBE-TCPP 4.1.0
2025-01-05 17:06:41,934 [INFO] ThirdParty:1030 - CMSIS Pack Vendor :STMicroelectronics X-CUBE-ISPU 2.1.0
2025-01-05 17:06:41,934 [INFO] ThirdParty:1030 - CMSIS Pack Vendor :STMicroelectronics X-CUBE-FREERTOS 1.2.0
2025-01-05 17:06:41,934 [INFO] ThirdParty:1030 - CMSIS Pack Vendor :STMicroelectronics X-CUBE-IPS 3.0.0
2025-01-05 17:06:41,934 [INFO] ThirdParty:1030 - CMSIS Pack Vendor :STMicroelectronics X-CUBE-AZRTOS-WB 2.0.0
2025-01-05 17:06:41,934 [INFO] ThirdParty:1030 - CMSIS Pack Vendor :STMicroelectronics X-CUBE-GNSS1 7.0.0
2025-01-05 17:06:41,935 [INFO] ThirdParty:1030 - CMSIS Pack Vendor :STMicroelectronics X-CUBE-GNSS1 7.0.1
2025-01-05 17:06:41,935 [INFO] ThirdParty:1030 - CMSIS Pack Vendor :STMicroelectronics X-CUBE-TOUCHGFX 4.23.0
2025-01-05 17:06:41,935 [INFO] ThirdParty:1030 - CMSIS Pack Vendor :STMicroelectronics X-CUBE-AZRTOS-F7 1.1.0
2025-01-05 17:06:41,935 [INFO] ThirdParty:1030 - CMSIS Pack Vendor :STMicroelectronics X-CUBE-AZRTOS-L5 2.0.0
2025-01-05 17:06:41,935 [INFO] ThirdParty:1030 - CMSIS Pack Vendor :STMicroelectronics USB_DEVICE 2.0.0
2025-01-05 17:06:41,935 [INFO] ThirdParty:1030 - CMSIS Pack Vendor :STMicroelectronics X-CUBE-NFC6 3.1.0
2025-01-05 17:06:41,935 [INFO] ThirdParty:1030 - CMSIS Pack Vendor :STMicroelectronics FP-SNS-STBOX1 2.0.0
2025-01-05 17:06:41,935 [INFO] ThirdParty:1030 - CMSIS Pack Vendor :STMicroelectronics X-CUBE-MEMS1 11.0.0
2025-01-05 17:06:41,935 [INFO] ThirdParty:1030 - CMSIS Pack Vendor :STMicroelectronics FreeRTOS 0.0.1
2025-01-05 17:06:41,935 [INFO] ThirdParty:1030 - CMSIS Pack Vendor :STMicroelectronics X-CUBE-AZRTOS-G0 1.1.0
2025-01-05 17:06:41,935 [INFO] ThirdParty:1030 - CMSIS Pack Vendor :STMicroelectronics X-CUBE-SAFEA1 1.2.2
2025-01-05 17:06:41,935 [INFO] ThirdParty:1030 - CMSIS Pack Vendor :STMicroelectronics X-CUBE-NFC4 3.0.0
2025-01-05 17:06:41,935 [INFO] ThirdParty:1030 - CMSIS Pack Vendor :STMicroelectronics X-CUBE-DPower 1.2.0
2025-01-05 17:06:41,935 [INFO] ThirdParty:1030 - CMSIS Pack Vendor :STMicroelectronics X-CUBE-SUBG2 5.0.0
2025-01-05 17:06:41,935 [INFO] ThirdParty:1030 - CMSIS Pack Vendor :STMicroelectronics STM32_WPAN 1.0.0
2025-01-05 17:06:41,935 [INFO] ThirdParty:1030 - CMSIS Pack Vendor :EmbeddedOffice I-CUBE-FS-RTOS 1.0.1
2025-01-05 17:06:41,935 [INFO] ThirdParty:1030 - CMSIS Pack Vendor :STMicroelectronics lwIP 2.0.3
2025-01-05 17:06:41,935 [INFO] ThirdParty:1030 - CMSIS Pack Vendor :STMicroelectronics FP-SNS-FLIGHT1 5.0.2
2025-01-05 17:06:41,935 [INFO] ThirdParty:1030 - CMSIS Pack Vendor :Cesanta I-CUBE-Mongoose 7.13.0
2025-01-05 17:06:41,935 [INFO] ThirdParty:1030 - CMSIS Pack Vendor :STMicroelectronics USB_HOST 1.0.0
2025-01-05 17:06:41,935 [INFO] ThirdParty:1030 - CMSIS Pack Vendor :Infineon AIROC-Wi-Fi-Bluetooth-STM32 1.7.0
2025-01-05 17:06:41,935 [INFO] ThirdParty:1030 - CMSIS Pack Vendor :STMicroelectronics X-CUBE-AI 9.0.0
2025-01-05 17:06:41,936 [INFO] ThirdParty:1030 - CMSIS Pack Vendor :STMicroelectronics X-CUBE-AZRTOS-G4 2.0.0
2025-01-05 17:06:41,936 [INFO] ThirdParty:1030 - CMSIS Pack Vendor :STMicroelectronics PDM2PCM 3.1.0
2025-01-05 17:06:41,936 [INFO] ThirdParty:1030 - CMSIS Pack Vendor :STMicroelectronics PDM2PCM 3.3.0
2025-01-05 17:06:41,936 [INFO] ThirdParty:1030 - CMSIS Pack Vendor :STMicroelectronics X-CUBE-DISPLAY 3.0.0
2025-01-05 17:06:41,936 [INFO] ThirdParty:1030 - CMSIS Pack Vendor :STMicroelectronics X-CUBE-TCPP 4.2.0
2025-01-05 17:06:41,936 [INFO] ThirdParty:1030 - CMSIS Pack Vendor :RealThread X-CUBE-RT-Thread_Nano 4.1.1
2025-01-05 17:06:41,936 [INFO] ThirdParty:1030 - CMSIS Pack Vendor :STMicroelectronics X-CUBE-BLE1 7.0.0
2025-01-05 17:06:41,936 [INFO] ThirdParty:1030 - CMSIS Pack Vendor :STMicroelectronics FP-ATR-SIGFOX1 3.2.0
2025-01-05 17:06:41,936 [INFO] ThirdParty:1030 - CMSIS Pack Vendor :STMicroelectronics X-CUBE-NFC10 1.0.0
2025-01-05 17:06:41,936 [INFO] ThirdParty:1030 - CMSIS Pack Vendor :wolfSSL I-CUBE-wolfSSL 5.7.2
2025-01-05 17:06:41,936 [INFO] ThirdParty:1030 - CMSIS Pack Vendor :quantropi X-CUBE-qispace-sdk-base 1.9.3
2025-01-05 17:06:41,936 [INFO] ThirdParty:1030 - CMSIS Pack Vendor :STMicroelectronics X-CUBE-ISPU 2.0.0
2025-01-05 17:06:41,936 [INFO] ThirdParty:1030 - CMSIS Pack Vendor :STMicroelectronics X-CUBE-BLEMGR 4.0.0
2025-01-05 17:06:41,936 [INFO] ThirdParty:1030 - CMSIS Pack Vendor :STMicroelectronics X-CUBE-EEPRMA1 5.1.0
2025-01-05 17:06:41,936 [INFO] ThirdParty:1030 - CMSIS Pack Vendor :STMicroelectronics HAL Drivers 0.0.0
2025-01-05 17:06:41,936 [INFO] ThirdParty:1030 - CMSIS Pack Vendor :STMicroelectronics MBEDTLS 2.16.2
2025-01-05 17:06:41,936 [INFO] ThirdParty:1030 - CMSIS Pack Vendor :STMicroelectronics X-CUBE-ALS 1.0.2
2025-01-05 17:06:41,936 [INFO] ThirdParty:1030 - CMSIS Pack Vendor :emotas I-CUBE-CANOPEN 1.3.0
2025-01-05 17:06:41,936 [INFO] ThirdParty:1030 - CMSIS Pack Vendor :STMicroelectronics X-CUBE-FREERTOS 1.3.0
2025-01-05 17:06:41,936 [INFO] ThirdParty:1030 - CMSIS Pack Vendor :STMicroelectronics X-CUBE-MEMS1 10.0.0
2025-01-05 17:06:41,937 [INFO] ThirdParty:1030 - CMSIS Pack Vendor :wolfSSL I-CUBE-wolfSSL 5.7.4
2025-01-05 17:06:41,937 [INFO] ThirdParty:1030 - CMSIS Pack Vendor :STMicroelectronics X-CUBE-NFC7 1.0.1
2025-01-05 17:06:41,937 [INFO] ThirdParty:1030 - CMSIS Pack Vendor :STMicroelectronics MBEDTLS 2.14.1
2025-01-05 17:06:41,937 [INFO] ThirdParty:1030 - CMSIS Pack Vendor :STMicroelectronics X-CUBE-TOUCHGFX 4.24.0
2025-01-05 17:06:41,937 [INFO] ThirdParty:1030 - CMSIS Pack Vendor :ITTIA_DB I-CUBE-ITTIADB 8.9.0
2025-01-05 17:06:41,937 [INFO] ThirdParty:1030 - CMSIS Pack Vendor :wolfSSL I-CUBE-wolfTPM 3.2.0
2025-01-05 17:06:41,937 [INFO] ThirdParty:1030 - CMSIS Pack Vendor :STMicroelectronics X-CUBE-TOUCHGFX 4.24.1
2025-01-05 17:06:41,937 [INFO] ThirdParty:1030 - CMSIS Pack Vendor :wolfSSL I-CUBE-wolfTPM 3.4.0
2025-01-05 17:06:41,937 [INFO] ThirdParty:1030 - CMSIS Pack Vendor :portGmbH I-Cube-SoM-uGOAL 1.1.0
2025-01-05 17:06:41,937 [INFO] ThirdParty:1030 - CMSIS Pack Vendor :STMicroelectronics X-CUBE-BLEMGR 3.1.0
2025-01-05 17:06:41,937 [INFO] ThirdParty:1030 - CMSIS Pack Vendor :STMicroelectronics ThreadX 1.0.0
2025-01-05 17:06:41,937 [INFO] ThirdParty:1030 - CMSIS Pack Vendor :STMicroelectronics FP-SNS-SMARTAG2 1.2.0
2025-01-05 17:06:41,937 [INFO] ThirdParty:1030 - CMSIS Pack Vendor :STMicroelectronics X-CUBE-MEMS1 11.1.0
2025-01-05 17:06:41,937 [INFO] ThirdParty:1030 - CMSIS Pack Vendor :STMicroelectronics X-CUBE-AZRTOS-WL 2.0.0
2025-01-05 17:06:41,937 [INFO] ThirdParty:1030 - CMSIS Pack Vendor :SEGGER I-CUBE-embOS 1.3.1
2025-01-05 17:06:41,937 [INFO] ThirdParty:1030 - CMSIS Pack Vendor :STMicroelectronics X-CUBE-ALGOBUILD 1.4.0
2025-01-05 17:06:41,937 [INFO] ThirdParty:1030 - CMSIS Pack Vendor :STMicroelectronics FP-SNS-MOTENV1 5.0.0
2025-01-05 17:06:41,937 [INFO] ThirdParty:1030 - CMSIS Pack Vendor :STMicroelectronics USB_DEVICE 1.0.0
2025-01-05 17:06:41,937 [INFO] ThirdParty:1030 - CMSIS Pack Vendor :STMicroelectronics X-CUBE-AZRTOS-H7RS 1.0.0
2025-01-05 17:06:41,937 [INFO] ThirdParty:1030 - CMSIS Pack Vendor :wolfSSL I-CUBE-wolfMQTT 1.19.0
2025-01-05 17:06:41,938 [INFO] ThirdParty:1030 - CMSIS Pack Vendor :STMicroelectronics X-CUBE-AZRTOS-L4 2.0.0
2025-01-05 17:06:41,938 [INFO] ThirdParty:1030 - CMSIS Pack Vendor :STMicroelectronics ThreadX 0.0.2
2025-01-05 17:06:41,938 [INFO] ThirdParty:1030 - CMSIS Pack Vendor :WES I-CUBE-Cesium 1.3.0
2025-01-05 17:06:41,938 [INFO] ThirdParty:1030 - CMSIS Pack Vendor :STMicroelectronics FP-ATR-ASTRA1 2.0.0
2025-01-05 17:06:41,938 [INFO] ThirdParty:1030 - CMSIS Pack Vendor :STMicroelectronics lwIP 2.1.2
2025-01-05 17:06:41,938 [INFO] ThirdParty:1030 - CMSIS Pack Vendor :STMicroelectronics X-CUBE-SFXS2LP1 4.0.0
2025-01-05 17:06:41,938 [INFO] ThirdParty:1030 - CMSIS Pack Vendor :STMicroelectronics X-CUBE-BLE2 3.3.0
2025-01-05 17:06:41,938 [INFO] ThirdParty:1030 - CMSIS Pack Vendor :STMicroelectronics X-CUBE-TOF1 3.4.2
2025-01-05 17:06:41,938 [INFO] ThirdParty:1030 - CMSIS Pack Vendor :STMicroelectronics X-CUBE-AI 9.1.0
2025-01-05 17:06:41,938 [INFO] ThirdParty:1030 - CMSIS Pack Vendor :Infineon AIROC-Wi-Fi-Bluetooth-STM32 1.6.1
2025-01-05 17:06:41,938 [INFO] ThirdParty:1030 - CMSIS Pack Vendor :STMicroelectronics X-CUBE-AZRTOS-H7 3.2.0
2025-01-05 17:06:41,938 [INFO] ThirdParty:1030 - CMSIS Pack Vendor :STMicroelectronics PDM2PCM 3.2.0
2025-01-05 17:06:41,938 [INFO] ThirdParty:1030 - CMSIS Pack Vendor :wolfSSL I-CUBE-wolfSSH 1.4.17
2025-01-05 17:06:41,938 [INFO] ThirdParty:841 - exiting critical section [change project]
2025-01-05 17:06:42,553 [INFO] PinOutPanel:1589 - setPackage(No Configuration,No Configuration)
2025-01-05 17:06:42,556 [INFO] PinOutPanel:1589 - setPackage(STM32U545RETxQ,LQFP64)
2025-01-05 17:06:43,698 [INFO] UtilMem:75 - Before build in PCC Used Memory: 609889248 Bytes (662700032)
2025-01-05 17:06:46,059 [INFO] UtilMem:75 - After build in PCC Used Memory: 597688320 Bytes (814743552)
2025-01-05 17:06:46,137 [INFO] ApiDbMcu:508 - Load IP Config File for THREADX
2025-01-05 17:06:46,195 [INFO] IPUIPlugin:80 - create IPUIPlugin
2025-01-05 17:06:46,195 [INFO] IPUIPlugin:80 - create IPUIPlugin
2025-01-05 17:06:46,196 [INFO] IPUIPlugin:80 - create IPUIPlugin
2025-01-05 17:06:46,196 [INFO] IPUIPlugin:80 - create IPUIPlugin
2025-01-05 17:06:46,196 [INFO] IPUIPlugin:80 - create IPUIPlugin
2025-01-05 17:06:46,196 [INFO] IPUIPlugin:80 - create IPUIPlugin
2025-01-05 17:06:46,196 [INFO] IPUIPlugin:80 - create IPUIPlugin
2025-01-05 17:06:46,196 [INFO] IPUIPlugin:80 - create IPUIPlugin
2025-01-05 17:06:46,196 [INFO] IPUIPlugin:80 - create IPUIPlugin
2025-01-05 17:06:46,196 [INFO] IPUIPlugin:80 - create IPUIPlugin
2025-01-05 17:06:46,197 [INFO] IPUIPlugin:80 - create IPUIPlugin
2025-01-05 17:06:46,197 [INFO] IPUIPlugin:80 - create IPUIPlugin
2025-01-05 17:06:46,197 [INFO] IPUIPlugin:80 - create IPUIPlugin
2025-01-05 17:06:46,199 [INFO] IPUIPlugin:80 - create IPUIPlugin
2025-01-05 17:06:46,199 [INFO] IPUIPlugin:80 - create IPUIPlugin
2025-01-05 17:06:46,199 [INFO] IPUIPlugin:80 - create IPUIPlugin
2025-01-05 17:06:46,199 [INFO] IPUIPlugin:80 - create IPUIPlugin
2025-01-05 17:06:46,200 [INFO] IPUIPlugin:80 - create IPUIPlugin
2025-01-05 17:06:46,200 [INFO] IPUIPlugin:80 - create IPUIPlugin
2025-01-05 17:06:46,200 [INFO] IPUIPlugin:80 - create IPUIPlugin
2025-01-05 17:06:46,200 [INFO] IPUIPlugin:80 - create IPUIPlugin
2025-01-05 17:06:46,200 [INFO] IPUIPlugin:80 - create IPUIPlugin
2025-01-05 17:06:46,200 [INFO] IPUIPlugin:80 - create IPUIPlugin
2025-01-05 17:06:46,201 [INFO] IPUIPlugin:80 - create IPUIPlugin
2025-01-05 17:06:46,201 [INFO] IPUIPlugin:80 - create IPUIPlugin
2025-01-05 17:06:46,201 [INFO] IPUIPlugin:80 - create IPUIPlugin
2025-01-05 17:06:46,201 [INFO] IPUIPlugin:80 - create IPUIPlugin
2025-01-05 17:06:46,201 [INFO] IPUIPlugin:80 - create IPUIPlugin
2025-01-05 17:06:46,202 [INFO] IPUIPlugin:80 - create IPUIPlugin
2025-01-05 17:06:46,202 [INFO] IPUIPlugin:80 - create IPUIPlugin
2025-01-05 17:06:46,202 [INFO] IPUIPlugin:80 - create IPUIPlugin
2025-01-05 17:06:46,202 [INFO] IPUIPlugin:80 - create IPUIPlugin
2025-01-05 17:06:46,202 [INFO] IPUIPlugin:80 - create IPUIPlugin
2025-01-05 17:06:46,204 [INFO] IPUIPlugin:80 - create IPUIPlugin
2025-01-05 17:06:46,204 [INFO] IPUIPlugin:80 - create IPUIPlugin
2025-01-05 17:06:46,205 [INFO] IPUIPlugin:80 - create IPUIPlugin
2025-01-05 17:06:46,205 [INFO] IPUIPlugin:80 - create IPUIPlugin
2025-01-05 17:06:46,205 [INFO] IPUIPlugin:80 - create IPUIPlugin
2025-01-05 17:06:46,206 [INFO] IPUIPlugin:80 - create IPUIPlugin
2025-01-05 17:06:46,206 [INFO] IPUIPlugin:80 - create IPUIPlugin
2025-01-05 17:06:46,207 [INFO] IPUIPlugin:80 - create IPUIPlugin
2025-01-05 17:06:46,207 [INFO] IPUIPlugin:80 - create IPUIPlugin
2025-01-05 17:06:46,207 [INFO] IPUIPlugin:80 - create IPUIPlugin
2025-01-05 17:06:46,208 [INFO] IPUIPlugin:80 - create IPUIPlugin
2025-01-05 17:06:46,208 [INFO] IPUIPlugin:80 - create IPUIPlugin
2025-01-05 17:06:46,208 [INFO] IPUIPlugin:80 - create IPUIPlugin
2025-01-05 17:06:46,208 [INFO] IPUIPlugin:80 - create IPUIPlugin
2025-01-05 17:06:46,209 [INFO] IPUIPlugin:80 - create IPUIPlugin
2025-01-05 17:06:46,209 [INFO] IPUIPlugin:80 - create IPUIPlugin
2025-01-05 17:06:46,209 [INFO] IPUIPlugin:80 - create IPUIPlugin
2025-01-05 17:06:46,209 [INFO] IPUIPlugin:80 - create IPUIPlugin
2025-01-05 17:06:46,210 [INFO] IPUIPlugin:80 - create IPUIPlugin
2025-01-05 17:06:46,210 [INFO] IPUIPlugin:80 - create IPUIPlugin
2025-01-05 17:06:46,210 [INFO] IPUIPlugin:80 - create IPUIPlugin
2025-01-05 17:06:46,210 [INFO] IPUIPlugin:80 - create IPUIPlugin
2025-01-05 17:06:46,211 [INFO] IPUIPlugin:80 - create IPUIPlugin
2025-01-05 17:06:46,211 [INFO] IPUIPlugin:80 - create IPUIPlugin
2025-01-05 17:06:46,211 [INFO] IPUIPlugin:80 - create IPUIPlugin
2025-01-05 17:06:46,211 [INFO] IPUIPlugin:80 - create IPUIPlugin
2025-01-05 17:06:46,211 [INFO] IPUIPlugin:80 - create IPUIPlugin
2025-01-05 17:06:46,213 [INFO] IPUIPlugin:80 - create IPUIPlugin
2025-01-05 17:06:46,213 [INFO] IPUIPlugin:80 - create IPUIPlugin
2025-01-05 17:06:46,213 [INFO] IPUIPlugin:80 - create IPUIPlugin
2025-01-05 17:06:46,214 [INFO] IPUIPlugin:80 - create IPUIPlugin
2025-01-05 17:06:46,214 [INFO] IPUIPlugin:80 - create IPUIPlugin
2025-01-05 17:06:46,215 [INFO] IPUIPlugin:80 - create IPUIPlugin
2025-01-05 17:06:46,215 [INFO] IPUIPlugin:80 - create IPUIPlugin
2025-01-05 17:06:46,215 [INFO] IPUIPlugin:80 - create IPUIPlugin
2025-01-05 17:06:46,216 [INFO] IPUIPlugin:80 - create IPUIPlugin
2025-01-05 17:06:46,216 [INFO] IPUIPlugin:80 - create IPUIPlugin
2025-01-05 17:06:46,217 [INFO] IPUIPlugin:80 - create IPUIPlugin
2025-01-05 17:06:46,217 [INFO] IPUIPlugin:80 - create IPUIPlugin
2025-01-05 17:06:46,217 [INFO] IPUIPlugin:80 - create IPUIPlugin
2025-01-05 17:06:46,218 [INFO] IPUIPlugin:80 - create IPUIPlugin
2025-01-05 17:06:46,218 [INFO] IPUIPlugin:80 - create IPUIPlugin
2025-01-05 17:06:46,218 [INFO] IPUIPlugin:80 - create IPUIPlugin
2025-01-05 17:06:46,218 [INFO] IPUIPlugin:80 - create IPUIPlugin
2025-01-05 17:06:46,219 [INFO] IPUIPlugin:80 - create IPUIPlugin
2025-01-05 17:06:46,219 [INFO] IPUIPlugin:80 - create IPUIPlugin
2025-01-05 17:06:46,219 [INFO] IPUIPlugin:80 - create IPUIPlugin
2025-01-05 17:06:46,220 [INFO] IPUIPlugin:80 - create IPUIPlugin
2025-01-05 17:06:46,220 [INFO] IPUIPlugin:80 - create IPUIPlugin
2025-01-05 17:06:46,221 [INFO] IPUIPlugin:80 - create IPUIPlugin
2025-01-05 17:06:46,221 [INFO] IPUIPlugin:80 - create IPUIPlugin
2025-01-05 17:06:46,221 [INFO] IPUIPlugin:80 - create IPUIPlugin
2025-01-05 17:06:46,222 [INFO] IPUIPlugin:80 - create IPUIPlugin
2025-01-05 17:06:46,223 [INFO] IPUIPlugin:80 - create IPUIPlugin
2025-01-05 17:06:46,223 [INFO] IPUIPlugin:80 - create IPUIPlugin
2025-01-05 17:06:46,224 [INFO] IPUIPlugin:80 - create IPUIPlugin
2025-01-05 17:06:46,224 [INFO] IPUIPlugin:80 - create IPUIPlugin
2025-01-05 17:06:46,225 [INFO] IPUIPlugin:80 - create IPUIPlugin
2025-01-05 17:06:46,749 [INFO] CADModel:165 - CPN selected for project levelSTM32U545RET6Q
2025-01-05 17:06:46,749 [INFO] CADModel:114 - Register for checkConnection events
2025-01-05 17:06:46,752 [INFO] RtosManager:697 - Active RTOS found at IOC load: THREADX [CortexM33]
2025-01-05 17:06:46,811 [INFO] OpenFileManager:363 - Restore cursor
2025-01-05 17:06:47,113 [WARN] IP:2251 - TX_ENABLE_RANDOM_NUMBER_STACK_FILLING not found: check if there is a RefParameter without a condition.
2025-01-05 17:06:47,113 [WARN] IP:2251 - TX_APP_CREATION not found: check if there is a RefParameter without a condition.
2025-01-05 17:06:47,113 [WARN] IP:2251 - TX_APP_THREAD_ENTRY not found: check if there is a RefParameter without a condition.
2025-01-05 17:06:47,113 [WARN] IP:2251 - TX_APP_THREAD_NAME not found: check if there is a RefParameter without a condition.
2025-01-05 17:06:47,113 [WARN] IP:2251 - TX_APP_THREAD_PRIO not found: check if there is a RefParameter without a condition.
2025-01-05 17:06:47,113 [WARN] IP:2251 - TX_APP_STACK_SIZE not found: check if there is a RefParameter without a condition.
2025-01-05 17:06:47,113 [WARN] IP:2251 - TX_APP_SEM_CREATION not found: check if there is a RefParameter without a condition.
2025-01-05 17:06:47,113 [WARN] IP:2251 - TX_SEMAPHORE_NAME not found: check if there is a RefParameter without a condition.
2025-01-05 17:06:47,114 [WARN] IP:2251 - TX_SEMAPHORE_COUNT not found: check if there is a RefParameter without a condition.
2025-01-05 17:06:47,114 [WARN] IP:2251 - TX_APP_MUTEX_CREATION not found: check if there is a RefParameter without a condition.
2025-01-05 17:06:47,114 [WARN] IP:2251 - TX_MUTEX_NAME not found: check if there is a RefParameter without a condition.
2025-01-05 17:06:47,114 [WARN] IP:2251 - TX_MUTEX_INHERITANCE not found: check if there is a RefParameter without a condition.
2025-01-05 17:06:47,114 [WARN] IP:2251 - TX_APP_MSG_QUEUE_CREATION not found: check if there is a RefParameter without a condition.
2025-01-05 17:06:47,114 [WARN] IP:2251 - TX_MSG_QUEUE_NAME not found: check if there is a RefParameter without a condition.
2025-01-05 17:06:47,114 [WARN] IP:2251 - TX_MSG_SIZE_WORDS not found: check if there is a RefParameter without a condition.
2025-01-05 17:06:47,114 [WARN] IP:2251 - TX_NB_MSG not found: check if there is a RefParameter without a condition.
2025-01-05 17:06:47,114 [WARN] IP:2251 - TX_BASEPRI_VALUE not found: check if there is a RefParameter without a condition.
2025-01-05 17:06:47,114 [WARN] IP:2251 - TX_PORT_BASEPRI_VALUE not found: check if there is a RefParameter without a condition.
2025-01-05 17:07:17,762 [WARN] IP:2251 - TX_ENABLE_RANDOM_NUMBER_STACK_FILLING not found: check if there is a RefParameter without a condition.
2025-01-05 17:07:17,762 [WARN] IP:2251 - TX_APP_CREATION not found: check if there is a RefParameter without a condition.
2025-01-05 17:07:17,762 [WARN] IP:2251 - TX_APP_THREAD_ENTRY not found: check if there is a RefParameter without a condition.
2025-01-05 17:07:17,762 [WARN] IP:2251 - TX_APP_THREAD_NAME not found: check if there is a RefParameter without a condition.
2025-01-05 17:07:17,762 [WARN] IP:2251 - TX_APP_THREAD_PRIO not found: check if there is a RefParameter without a condition.
2025-01-05 17:07:17,762 [WARN] IP:2251 - TX_APP_STACK_SIZE not found: check if there is a RefParameter without a condition.
2025-01-05 17:07:17,762 [WARN] IP:2251 - TX_APP_SEM_CREATION not found: check if there is a RefParameter without a condition.
2025-01-05 17:07:17,762 [WARN] IP:2251 - TX_SEMAPHORE_NAME not found: check if there is a RefParameter without a condition.
2025-01-05 17:07:17,762 [WARN] IP:2251 - TX_SEMAPHORE_COUNT not found: check if there is a RefParameter without a condition.
2025-01-05 17:07:17,762 [WARN] IP:2251 - TX_APP_MUTEX_CREATION not found: check if there is a RefParameter without a condition.
2025-01-05 17:07:17,762 [WARN] IP:2251 - TX_MUTEX_NAME not found: check if there is a RefParameter without a condition.
2025-01-05 17:07:17,762 [WARN] IP:2251 - TX_MUTEX_INHERITANCE not found: check if there is a RefParameter without a condition.
2025-01-05 17:07:17,762 [WARN] IP:2251 - TX_APP_MSG_QUEUE_CREATION not found: check if there is a RefParameter without a condition.
2025-01-05 17:07:17,762 [WARN] IP:2251 - TX_MSG_QUEUE_NAME not found: check if there is a RefParameter without a condition.
2025-01-05 17:07:17,762 [WARN] IP:2251 - TX_MSG_SIZE_WORDS not found: check if there is a RefParameter without a condition.
2025-01-05 17:07:17,763 [WARN] IP:2251 - TX_NB_MSG not found: check if there is a RefParameter without a condition.
2025-01-05 17:07:17,763 [WARN] IP:2251 - TX_BASEPRI_VALUE not found: check if there is a RefParameter without a condition.
2025-01-05 17:07:17,763 [WARN] IP:2251 - TX_PORT_BASEPRI_VALUE not found: check if there is a RefParameter without a condition.
2025-01-05 17:07:35,275 [INFO] UtilMem:75 - End SaveConfig() Used Memory: 572473104 Bytes (814743552)
2025-01-05 17:07:37,101 [INFO] UtilMem:75 - End SaveConfig() Used Memory: 618084112 Bytes (814743552)
2025-01-05 17:07:41,934 [INFO] UtilMem:75 - End SaveConfig() Used Memory: 700399376 Bytes (814743552)
2025-01-05 17:07:58,516 [INFO] UtilMem:75 - End SaveConfig() Used Memory: 607018280 Bytes (814743552)
2025-01-05 17:07:59,858 [INFO] BlockDiagram:2766 - set Specific Code input for plugin: ThreadX
2025-01-05 17:07:59,858 [INFO] BlockDiagram:2766 - set Specific Code input for plugin: MEMORYMAP
2025-01-05 17:07:59,858 [INFO] BlockDiagram:2766 - set Specific Code input for plugin: PWR
2025-01-05 17:07:59,858 [INFO] BlockDiagram:2766 - set Specific Code input for plugin: SYS
2025-01-05 17:07:59,858 [INFO] BlockDiagram:2766 - set Specific Code input for plugin: RCC
2025-01-05 17:07:59,858 [INFO] BlockDiagram:2766 - set Specific Code input for plugin: LPBAM
2025-01-05 17:07:59,858 [INFO] BlockDiagram:2766 - set Specific Code input for plugin: NVIC
2025-01-05 17:07:59,860 [INFO] BlockDiagram:2766 - set Specific Code input for plugin: GPIO
2025-01-05 17:07:59,860 [INFO] BlockDiagram:2766 - set Specific Code input for plugin: LPBAMQUEUE
2025-01-05 17:07:59,863 [INFO] CodeGenerator:896 - code generatio: config db path: C:\ST\STM32CubeIDE_1.17.0\STM32CubeIDE\plugins\com.st.stm32cube.common.mx_6.13.0.202411220809\\db\
2025-01-05 17:07:59,981 [WARN] IP:2251 - TX_ENABLE_RANDOM_NUMBER_STACK_FILLING not found: check if there is a RefParameter without a condition.
2025-01-05 17:07:59,981 [WARN] IP:2251 - TX_APP_CREATION not found: check if there is a RefParameter without a condition.
2025-01-05 17:07:59,981 [WARN] IP:2251 - TX_APP_THREAD_ENTRY not found: check if there is a RefParameter without a condition.
2025-01-05 17:07:59,981 [WARN] IP:2251 - TX_APP_THREAD_NAME not found: check if there is a RefParameter without a condition.
2025-01-05 17:07:59,981 [WARN] IP:2251 - TX_APP_THREAD_PRIO not found: check if there is a RefParameter without a condition.
2025-01-05 17:07:59,981 [WARN] IP:2251 - TX_APP_STACK_SIZE not found: check if there is a RefParameter without a condition.
2025-01-05 17:07:59,981 [WARN] IP:2251 - TX_APP_SEM_CREATION not found: check if there is a RefParameter without a condition.
2025-01-05 17:07:59,981 [WARN] IP:2251 - TX_SEMAPHORE_NAME not found: check if there is a RefParameter without a condition.
2025-01-05 17:07:59,981 [WARN] IP:2251 - TX_SEMAPHORE_COUNT not found: check if there is a RefParameter without a condition.
2025-01-05 17:07:59,981 [WARN] IP:2251 - TX_APP_MUTEX_CREATION not found: check if there is a RefParameter without a condition.
2025-01-05 17:07:59,982 [WARN] IP:2251 - TX_MUTEX_NAME not found: check if there is a RefParameter without a condition.
2025-01-05 17:07:59,982 [WARN] IP:2251 - TX_MUTEX_INHERITANCE not found: check if there is a RefParameter without a condition.
2025-01-05 17:07:59,982 [WARN] IP:2251 - TX_APP_MSG_QUEUE_CREATION not found: check if there is a RefParameter without a condition.
2025-01-05 17:07:59,982 [WARN] IP:2251 - TX_MSG_QUEUE_NAME not found: check if there is a RefParameter without a condition.
2025-01-05 17:07:59,982 [WARN] IP:2251 - TX_MSG_SIZE_WORDS not found: check if there is a RefParameter without a condition.
2025-01-05 17:07:59,982 [WARN] IP:2251 - TX_NB_MSG not found: check if there is a RefParameter without a condition.
2025-01-05 17:07:59,982 [WARN] IP:2251 - TX_BASEPRI_VALUE not found: check if there is a RefParameter without a condition.
2025-01-05 17:07:59,982 [WARN] IP:2251 - TX_PORT_BASEPRI_VALUE not found: check if there is a RefParameter without a condition.
2025-01-05 17:08:00,233 [INFO] CodeEngine:255 - oldGeneratedFile, C:\Users\lagoeirl\STM32CubeIDE\AzureRTOS-STM32\TraceX\MXTmpFiles\license.tmp_save
2025-01-05 17:08:00,856 [INFO] CodeEngine:279 - Generated code: C:\Users\lagoeirl\STM32CubeIDE\AzureRTOS-STM32\TraceX\MXTmpFiles\license.tmp
2025-01-05 17:08:00,966 [INFO] CodeEngine:255 - oldGeneratedFile, C:\Users\lagoeirl\STM32CubeIDE\AzureRTOS-STM32\TraceX\MXTmpFiles\gpio.tmp_save
2025-01-05 17:08:01,104 [INFO] CodeEngine:279 - Generated code: C:\Users\lagoeirl\STM32CubeIDE\AzureRTOS-STM32\TraceX\MXTmpFiles\gpio.tmp
2025-01-05 17:08:01,150 [WARN] IPConfigManager:98 - WARNING: Missing Config File for MEMORYMAP ip!!
2025-01-05 17:08:01,151 [WARN] IP:2251 - DefaultDataRegion not found: check if there is a RefParameter without a condition.
2025-01-05 17:08:01,274 [ERROR] CodeGenerator:10294 - The current RTOS owner has not been found in the list of IPs
2025-01-05 17:08:01,281 [INFO] Middleware:1450 - No code input for Bsp Dependency
2025-01-05 17:08:01,285 [INFO] Middleware:1450 - No code input for Bsp Dependency
2025-01-05 17:08:01,287 [ERROR] SWIPConfigModel:147 - Object (RefParameter) name : TX_LOW_POWER_TICKLESS  is not a String or a Boolean
2025-01-05 17:08:01,287 [ERROR] SWIPConfigModel:147 - Object (RefParameter) name : TX_LOW_POWER_USER_EXIT  is not a String or a Boolean
2025-01-05 17:08:01,287 [ERROR] SWIPConfigModel:147 - Object (RefParameter) name : TX_LOW_POWER_TIMER_SETUP  is not a String or a Boolean
2025-01-05 17:08:01,287 [ERROR] SWIPConfigModel:147 - Object (RefParameter) name : TX_ENABLE_RANDOM_NUMBER_STACK_FILLING  is not a String or a Boolean
2025-01-05 17:08:01,287 [ERROR] SWIPConfigModel:147 - Object (RefParameter) name : TX_LOW_POWER_USER_ENTER  is not a String or a Boolean
2025-01-05 17:08:01,287 [ERROR] SWIPConfigModel:147 - Object (RefParameter) name : TX_LOW_POWER_USER_TIMER_ADJUST  is not a String or a Boolean
2025-01-05 17:08:01,314 [INFO] CodeEngine:255 - oldGeneratedFile, C:\Users\lagoeirl\STM32CubeIDE\AzureRTOS-STM32\TraceX\MXTmpFiles\cortex.tmp_save
2025-01-05 17:08:01,406 [INFO] CodeEngine:279 - Generated code: C:\Users\lagoeirl\STM32CubeIDE\AzureRTOS-STM32\TraceX\MXTmpFiles\cortex.tmp
2025-01-05 17:08:01,413 [INFO] Middleware:1450 - No code input for Bsp Dependency
2025-01-05 17:08:01,417 [INFO] Middleware:1450 - No code input for Bsp Dependency
2025-01-05 17:08:01,418 [ERROR] SWIPConfigModel:147 - Object (RefParameter) name : TX_LOW_POWER_TICKLESS  is not a String or a Boolean
2025-01-05 17:08:01,418 [ERROR] SWIPConfigModel:147 - Object (RefParameter) name : TX_LOW_POWER_USER_EXIT  is not a String or a Boolean
2025-01-05 17:08:01,418 [ERROR] SWIPConfigModel:147 - Object (RefParameter) name : TX_LOW_POWER_TIMER_SETUP  is not a String or a Boolean
2025-01-05 17:08:01,418 [ERROR] SWIPConfigModel:147 - Object (RefParameter) name : TX_ENABLE_RANDOM_NUMBER_STACK_FILLING  is not a String or a Boolean
2025-01-05 17:08:01,418 [ERROR] SWIPConfigModel:147 - Object (RefParameter) name : TX_LOW_POWER_USER_ENTER  is not a String or a Boolean
2025-01-05 17:08:01,418 [ERROR] SWIPConfigModel:147 - Object (RefParameter) name : TX_LOW_POWER_USER_TIMER_ADJUST  is not a String or a Boolean
2025-01-05 17:08:01,461 [INFO] CodeEngine:255 - oldGeneratedFile, C:\Users\lagoeirl\STM32CubeIDE\AzureRTOS-STM32\TraceX\Core\Inc\app_threadx.h_save
2025-01-05 17:08:01,543 [INFO] CodeEngine:279 - Generated code: C:\Users\lagoeirl\STM32CubeIDE\AzureRTOS-STM32\TraceX\Core\Inc\app_threadx.h
2025-01-05 17:08:01,572 [INFO] CodeEngine:255 - oldGeneratedFile, C:\Users\lagoeirl\STM32CubeIDE\AzureRTOS-STM32\TraceX\Core\Src\app_threadx.c_save
2025-01-05 17:08:01,690 [INFO] CodeEngine:279 - Generated code: C:\Users\lagoeirl\STM32CubeIDE\AzureRTOS-STM32\TraceX\Core\Src\app_threadx.c
2025-01-05 17:08:01,717 [INFO] CodeEngine:255 - oldGeneratedFile, C:\Users\lagoeirl\STM32CubeIDE\AzureRTOS-STM32\TraceX\AZURE_RTOS\App\app_azure_rtos.c_save
2025-01-05 17:08:01,825 [INFO] CodeEngine:279 - Generated code: C:\Users\lagoeirl\STM32CubeIDE\AzureRTOS-STM32\TraceX\AZURE_RTOS\App\app_azure_rtos.c
2025-01-05 17:08:01,858 [INFO] CodeEngine:255 - oldGeneratedFile, C:\Users\lagoeirl\STM32CubeIDE\AzureRTOS-STM32\TraceX\AZURE_RTOS\App\app_azure_rtos.h_save
2025-01-05 17:08:01,939 [INFO] CodeEngine:279 - Generated code: C:\Users\lagoeirl\STM32CubeIDE\AzureRTOS-STM32\TraceX\AZURE_RTOS\App\app_azure_rtos.h
2025-01-05 17:08:01,965 [INFO] CodeEngine:255 - oldGeneratedFile, C:\Users\lagoeirl\STM32CubeIDE\AzureRTOS-STM32\TraceX\Core\Inc\tx_user.h_save
2025-01-05 17:08:02,072 [INFO] CodeEngine:279 - Generated code: C:\Users\lagoeirl\STM32CubeIDE\AzureRTOS-STM32\TraceX\Core\Inc\tx_user.h
2025-01-05 17:08:02,109 [INFO] CodeEngine:255 - oldGeneratedFile, C:\Users\lagoeirl\STM32CubeIDE\AzureRTOS-STM32\TraceX\Core\Src\tx_initialize_low_level.S_save
2025-01-05 17:08:02,216 [INFO] CodeEngine:279 - Generated code: C:\Users\lagoeirl\STM32CubeIDE\AzureRTOS-STM32\TraceX\Core\Src\tx_initialize_low_level.S
2025-01-05 17:08:02,241 [INFO] CodeEngine:255 - oldGeneratedFile, C:\Users\lagoeirl\STM32CubeIDE\AzureRTOS-STM32\TraceX\AZURE_RTOS\App\app_azure_rtos_config.h_save
2025-01-05 17:08:02,315 [INFO] CodeEngine:279 - Generated code: C:\Users\lagoeirl\STM32CubeIDE\AzureRTOS-STM32\TraceX\AZURE_RTOS\App\app_azure_rtos_config.h
2025-01-05 17:08:02,361 [INFO] CodeEngine:255 - oldGeneratedFile, C:\Users\lagoeirl\STM32CubeIDE\AzureRTOS-STM32\TraceX\Core\Src\stm32u5xx_it.c_save
2025-01-05 17:08:02,482 [INFO] CodeEngine:279 - Generated code: C:\Users\lagoeirl\STM32CubeIDE\AzureRTOS-STM32\TraceX\Core\Src\stm32u5xx_it.c
2025-01-05 17:08:02,509 [INFO] CodeEngine:255 - oldGeneratedFile, C:\Users\lagoeirl\STM32CubeIDE\AzureRTOS-STM32\TraceX\Core\Inc\stm32u5xx_it.h_save
2025-01-05 17:08:02,587 [INFO] CodeEngine:279 - Generated code: C:\Users\lagoeirl\STM32CubeIDE\AzureRTOS-STM32\TraceX\Core\Inc\stm32u5xx_it.h
2025-01-05 17:08:02,651 [INFO] CodeEngine:255 - oldGeneratedFile, C:\Users\lagoeirl\STM32CubeIDE\AzureRTOS-STM32\TraceX\Core\Src\stm32u5xx_hal_msp.c_save
2025-01-05 17:08:02,760 [INFO] CodeEngine:279 - Generated code: C:\Users\lagoeirl\STM32CubeIDE\AzureRTOS-STM32\TraceX\Core\Src\stm32u5xx_hal_msp.c
2025-01-05 17:08:02,774 [INFO] CodeEngine:255 - oldGeneratedFile, C:\Users\lagoeirl\STM32CubeIDE\AzureRTOS-STM32\TraceX\MXTmpFiles\system.tmp_save
2025-01-05 17:08:02,833 [INFO] CodeEngine:279 - Generated code: C:\Users\lagoeirl\STM32CubeIDE\AzureRTOS-STM32\TraceX\MXTmpFiles\system.tmp
2025-01-05 17:08:02,861 [INFO] CodeEngine:255 - oldGeneratedFile, C:\Users\lagoeirl\STM32CubeIDE\AzureRTOS-STM32\TraceX\Core\Src\stm32u5xx_hal_timebase_tim.c_save
2025-01-05 17:08:02,978 [INFO] CodeEngine:279 - Generated code: C:\Users\lagoeirl\STM32CubeIDE\AzureRTOS-STM32\TraceX\Core\Src\stm32u5xx_hal_timebase_tim.c
2025-01-05 17:08:03,016 [INFO] CodeEngine:311 - oldGeneratedFile, C:\Users\lagoeirl\STM32CubeIDE\AzureRTOS-STM32\TraceX\Core\Inc\stm32u5xx_hal_conf.h_save
2025-01-05 17:08:03,114 [INFO] CodeEngine:335 - Generated code: C:\Users\lagoeirl\STM32CubeIDE\AzureRTOS-STM32\TraceX\Core\Inc\stm32u5xx_hal_conf.h
2025-01-05 17:08:03,157 [ERROR] ApiDbMcu:464 - Can't load MEMORYMAP-STM32xx root dir null
2025-01-05 17:08:03,157 [ERROR] ApiDbMcu:536 - Cannot parse MEMORYMAP_Config file : file do not exist
2025-01-05 17:08:03,161 [INFO] ApiDbMcu:508 - Load IP Config File for RCC
2025-01-05 17:08:03,203 [INFO] CodeEngine:255 - oldGeneratedFile, C:\Users\lagoeirl\STM32CubeIDE\AzureRTOS-STM32\TraceX\Core\Inc\main.h_save
2025-01-05 17:08:03,305 [INFO] CodeEngine:279 - Generated code: C:\Users\lagoeirl\STM32CubeIDE\AzureRTOS-STM32\TraceX\Core\Inc\main.h
2025-01-05 17:08:03,334 [INFO] CodeEngine:255 - oldGeneratedFile, C:\Users\lagoeirl\STM32CubeIDE\AzureRTOS-STM32\TraceX\Core\Src\main.c_save
2025-01-05 17:08:03,499 [INFO] CodeEngine:279 - Generated code: C:\Users\lagoeirl\STM32CubeIDE\AzureRTOS-STM32\TraceX\Core\Src\main.c
2025-01-05 17:08:04,417 [INFO] ProjectBuilder:3289 - Time for Copy HAL[1] : 724mS.
2025-01-05 17:08:04,442 [INFO] ProjectBuilder:4876 - Project Generator version: 4.5.0-RC5
2025-01-05 17:08:04,557 [INFO] ConfigFileManager:1579 - The Die is : DIE455
2025-01-05 17:08:04,572 [INFO] ApiDbMcu:508 - Load IP Config File for FILEX
2025-01-05 17:08:04,585 [INFO] ApiDbMcu:508 - Load IP Config File for LEVELX
2025-01-05 17:08:04,604 [INFO] ApiDbMcu:508 - Load IP Config File for NETXDUO
2025-01-05 17:08:04,623 [INFO] ApiDbMcu:508 - Load IP Config File for TOUCHSENSING
2025-01-05 17:08:04,644 [INFO] ApiDbMcu:508 - Load IP Config File for USBX
2025-01-05 17:08:05,669 [INFO] LogOutputStream:77 - [STDOUT_REDIRECT] 
2025-01-05 17:08:16,291 [INFO] ProjectBuilder:5154 - Time for Generating toolchain IDE Files: 11848mS.
2025-01-05 17:08:16,293 [INFO] ProjectBuilder:3146 - Time for Copy CMSIS : 1mS.
2025-01-05 17:08:16,308 [INFO] ProjectBuilder:3146 - Time for Copy CMSIS : 0mS.
